@HD	VN:1.6
@SQ	SN:chr1	LN:308452471
@SQ	SN:chr2	LN:243675191
@SQ	SN:chr3	LN:238017767
@SQ	SN:chr4	LN:250330460
@SQ	SN:chr5	LN:226353449
@SQ	SN:chr6	LN:181357234
@SQ	SN:chr7	LN:185808916
@SQ	SN:chr8	LN:182411202
@SQ	SN:chr9	LN:163004744
@SQ	SN:chr10	LN:152435371
@SQ	SN:scaf_21	LN:712123
@SQ	SN:scaf_22	LN:570058
@SQ	SN:scaf_23	LN:435198
@SQ	SN:scaf_24	LN:387292
@SQ	SN:scaf_25	LN:264983
@SQ	SN:scaf_26	LN:254485
@SQ	SN:scaf_27	LN:247825
@SQ	SN:scaf_28	LN:239868
@SQ	SN:scaf_29	LN:217815
@SQ	SN:scaf_30	LN:207305
@SQ	SN:scaf_31	LN:203238
@SQ	SN:scaf_32	LN:197712
@SQ	SN:scaf_33	LN:196160
@SQ	SN:scaf_34	LN:190448
@SQ	SN:scaf_35	LN:190269
@SQ	SN:scaf_36	LN:187880
@SQ	SN:scaf_37	LN:173911
@SQ	SN:scaf_38	LN:173111
@SQ	SN:scaf_39	LN:172167
@SQ	SN:scaf_40	LN:171701
@SQ	SN:scaf_41	LN:171519
@SQ	SN:scaf_42	LN:169347
@SQ	SN:scaf_43	LN:168052
@SQ	SN:scaf_44	LN:164231
@SQ	SN:scaf_45	LN:164060
@SQ	SN:scaf_46	LN:160926
@SQ	SN:scaf_47	LN:160502
@SQ	SN:scaf_48	LN:159682
@SQ	SN:scaf_49	LN:153763
@SQ	SN:scaf_50	LN:153744
@SQ	SN:scaf_51	LN:152095
@SQ	SN:scaf_52	LN:151820
@SQ	SN:scaf_53	LN:148690
@SQ	SN:scaf_54	LN:144791
@SQ	SN:scaf_55	LN:144328
@SQ	SN:scaf_56	LN:142977
@SQ	SN:scaf_57	LN:142290
@SQ	SN:scaf_58	LN:141577
@SQ	SN:scaf_59	LN:138583
@SQ	SN:scaf_60	LN:137147
@SQ	SN:scaf_61	LN:134092
@SQ	SN:scaf_62	LN:133633
@SQ	SN:scaf_63	LN:132531
@SQ	SN:scaf_64	LN:130230
@SQ	SN:scaf_65	LN:129299
@SQ	SN:scaf_66	LN:128904
@SQ	SN:scaf_67	LN:128482
@SQ	SN:scaf_68	LN:127882
@SQ	SN:scaf_69	LN:127290
@SQ	SN:scaf_70	LN:126443
@SQ	SN:scaf_71	LN:125047
@SQ	SN:scaf_72	LN:124860
@SQ	SN:scaf_73	LN:123043
@SQ	SN:scaf_74	LN:120982
@SQ	SN:scaf_75	LN:120904
@SQ	SN:scaf_76	LN:120818
@SQ	SN:scaf_77	LN:120549
@SQ	SN:scaf_78	LN:120088
@SQ	SN:scaf_79	LN:119143
@SQ	SN:scaf_80	LN:118700
@SQ	SN:scaf_81	LN:118576
@SQ	SN:scaf_82	LN:118500
@SQ	SN:scaf_83	LN:117266
@SQ	SN:scaf_84	LN:117233
@SQ	SN:scaf_85	LN:115765
@SQ	SN:scaf_86	LN:115550
@SQ	SN:scaf_87	LN:114887
@SQ	SN:scaf_88	LN:114023
@SQ	SN:scaf_89	LN:113862
@SQ	SN:scaf_90	LN:113779
@SQ	SN:scaf_91	LN:113002
@SQ	SN:scaf_92	LN:112596
@SQ	SN:scaf_93	LN:112550
@SQ	SN:scaf_94	LN:111637
@SQ	SN:scaf_95	LN:110562
@SQ	SN:scaf_96	LN:110121
@SQ	SN:scaf_97	LN:109951
@SQ	SN:scaf_98	LN:109947
@SQ	SN:scaf_99	LN:109352
@SQ	SN:scaf_100	LN:109197
@SQ	SN:scaf_101	LN:109031
@SQ	SN:scaf_102	LN:108697
@SQ	SN:scaf_103	LN:108378
@SQ	SN:scaf_104	LN:108339
@SQ	SN:scaf_105	LN:107956
@SQ	SN:scaf_106	LN:107526
@SQ	SN:scaf_107	LN:107524
@SQ	SN:scaf_108	LN:106690
@SQ	SN:scaf_109	LN:106305
@SQ	SN:scaf_110	LN:106098
@SQ	SN:scaf_111	LN:105289
@SQ	SN:scaf_112	LN:105250
@SQ	SN:scaf_113	LN:105226
@SQ	SN:scaf_114	LN:105163
@SQ	SN:scaf_115	LN:104537
@SQ	SN:scaf_116	LN:104499
@SQ	SN:scaf_117	LN:103808
@SQ	SN:scaf_118	LN:103806
@SQ	SN:scaf_119	LN:103210
@SQ	SN:scaf_120	LN:102624
@SQ	SN:scaf_121	LN:102406
@SQ	SN:scaf_122	LN:102397
@SQ	SN:scaf_123	LN:102349
@SQ	SN:scaf_124	LN:101678
@SQ	SN:scaf_125	LN:101641
@SQ	SN:scaf_126	LN:100851
@SQ	SN:scaf_127	LN:100600
@SQ	SN:scaf_128	LN:100537
@SQ	SN:scaf_129	LN:100364
@SQ	SN:scaf_130	LN:99893
@SQ	SN:scaf_131	LN:99674
@SQ	SN:scaf_132	LN:98130
@SQ	SN:scaf_133	LN:97996
@SQ	SN:scaf_134	LN:97918
@SQ	SN:scaf_135	LN:96911
@SQ	SN:scaf_136	LN:96690
@SQ	SN:scaf_137	LN:96496
@SQ	SN:scaf_138	LN:96036
@SQ	SN:scaf_139	LN:95934
@SQ	SN:scaf_140	LN:95894
@SQ	SN:scaf_141	LN:95890
@SQ	SN:scaf_142	LN:95521
@SQ	SN:scaf_143	LN:95419
@SQ	SN:scaf_144	LN:95245
@SQ	SN:scaf_145	LN:95129
@SQ	SN:scaf_146	LN:94989
@SQ	SN:scaf_147	LN:94793
@SQ	SN:scaf_148	LN:94647
@SQ	SN:scaf_149	LN:94334
@SQ	SN:scaf_150	LN:94333
@SQ	SN:scaf_151	LN:94036
@SQ	SN:scaf_152	LN:93636
@SQ	SN:scaf_153	LN:93514
@SQ	SN:scaf_154	LN:93405
@SQ	SN:scaf_155	LN:93298
@SQ	SN:scaf_156	LN:93084
@SQ	SN:scaf_157	LN:93056
@SQ	SN:scaf_158	LN:92553
@SQ	SN:scaf_159	LN:91995
@SQ	SN:scaf_160	LN:91958
@SQ	SN:scaf_161	LN:91897
@SQ	SN:scaf_162	LN:91766
@SQ	SN:scaf_163	LN:91439
@SQ	SN:scaf_164	LN:91076
@SQ	SN:scaf_165	LN:91072
@SQ	SN:scaf_166	LN:91034
@SQ	SN:scaf_167	LN:90901
@SQ	SN:scaf_168	LN:90815
@SQ	SN:scaf_169	LN:90613
@SQ	SN:scaf_170	LN:90547
@SQ	SN:scaf_171	LN:89502
@SQ	SN:scaf_172	LN:89377
@SQ	SN:scaf_173	LN:89242
@SQ	SN:scaf_174	LN:89235
@SQ	SN:scaf_175	LN:89155
@SQ	SN:scaf_176	LN:88783
@SQ	SN:scaf_177	LN:88032
@SQ	SN:scaf_178	LN:87897
@SQ	SN:scaf_179	LN:87788
@SQ	SN:scaf_180	LN:87559
@SQ	SN:scaf_181	LN:87401
@SQ	SN:scaf_182	LN:87195
@SQ	SN:scaf_183	LN:86681
@SQ	SN:scaf_184	LN:86649
@SQ	SN:scaf_185	LN:86437
@SQ	SN:scaf_186	LN:86423
@SQ	SN:scaf_187	LN:86029
@SQ	SN:scaf_188	LN:85958
@SQ	SN:scaf_189	LN:85939
@SQ	SN:scaf_190	LN:85707
@SQ	SN:scaf_191	LN:85696
@SQ	SN:scaf_192	LN:85577
@SQ	SN:scaf_193	LN:85542
@SQ	SN:scaf_194	LN:85512
@SQ	SN:scaf_195	LN:84529
@SQ	SN:scaf_196	LN:84483
@SQ	SN:scaf_197	LN:84480
@SQ	SN:scaf_198	LN:84315
@SQ	SN:scaf_199	LN:84283
@SQ	SN:scaf_200	LN:84277
@SQ	SN:scaf_201	LN:83765
@SQ	SN:scaf_202	LN:83195
@SQ	SN:scaf_203	LN:83150
@SQ	SN:scaf_204	LN:83142
@SQ	SN:scaf_205	LN:83098
@SQ	SN:scaf_206	LN:82836
@SQ	SN:scaf_207	LN:82698
@SQ	SN:scaf_208	LN:82580
@SQ	SN:scaf_209	LN:82439
@SQ	SN:scaf_210	LN:82354
@SQ	SN:scaf_211	LN:82347
@SQ	SN:scaf_212	LN:82331
@SQ	SN:scaf_213	LN:81960
@SQ	SN:scaf_214	LN:81777
@SQ	SN:scaf_215	LN:81747
@SQ	SN:scaf_216	LN:81457
@SQ	SN:scaf_217	LN:81340
@SQ	SN:scaf_218	LN:81233
@SQ	SN:scaf_219	LN:80936
@SQ	SN:scaf_220	LN:80837
@SQ	SN:scaf_221	LN:80814
@SQ	SN:scaf_222	LN:80283
@SQ	SN:scaf_223	LN:79710
@SQ	SN:scaf_224	LN:79539
@SQ	SN:scaf_225	LN:79526
@SQ	SN:scaf_226	LN:79449
@SQ	SN:scaf_227	LN:79237
@SQ	SN:scaf_228	LN:78875
@SQ	SN:scaf_229	LN:78242
@SQ	SN:scaf_230	LN:78216
@SQ	SN:scaf_231	LN:78109
@SQ	SN:scaf_232	LN:77884
@SQ	SN:scaf_233	LN:77858
@SQ	SN:scaf_234	LN:77850
@SQ	SN:scaf_235	LN:77518
@SQ	SN:scaf_236	LN:77375
@SQ	SN:scaf_237	LN:77233
@SQ	SN:scaf_238	LN:77062
@SQ	SN:scaf_239	LN:77005
@SQ	SN:scaf_240	LN:76990
@SQ	SN:scaf_241	LN:76896
@SQ	SN:scaf_242	LN:76850
@SQ	SN:scaf_243	LN:76719
@SQ	SN:scaf_244	LN:76711
@SQ	SN:scaf_245	LN:76434
@SQ	SN:scaf_246	LN:76402
@SQ	SN:scaf_247	LN:76349
@SQ	SN:scaf_248	LN:76347
@SQ	SN:scaf_249	LN:76253
@SQ	SN:scaf_250	LN:76174
@SQ	SN:scaf_251	LN:76113
@SQ	SN:scaf_252	LN:76030
@SQ	SN:scaf_253	LN:75901
@SQ	SN:scaf_254	LN:75487
@SQ	SN:scaf_255	LN:75327
@SQ	SN:scaf_256	LN:75278
@SQ	SN:scaf_257	LN:75264
@SQ	SN:scaf_258	LN:75157
@SQ	SN:scaf_259	LN:74994
@SQ	SN:scaf_260	LN:74954
@SQ	SN:scaf_261	LN:74875
@SQ	SN:scaf_262	LN:74862
@SQ	SN:scaf_263	LN:74687
@SQ	SN:scaf_264	LN:74566
@SQ	SN:scaf_265	LN:74453
@SQ	SN:scaf_266	LN:73951
@SQ	SN:scaf_267	LN:73767
@SQ	SN:scaf_268	LN:73692
@SQ	SN:scaf_269	LN:73531
@SQ	SN:scaf_270	LN:73359
@SQ	SN:scaf_271	LN:73251
@SQ	SN:scaf_272	LN:73066
@SQ	SN:scaf_273	LN:73001
@SQ	SN:scaf_274	LN:72796
@SQ	SN:scaf_275	LN:72665
@SQ	SN:scaf_276	LN:72399
@SQ	SN:scaf_277	LN:72053
@SQ	SN:scaf_278	LN:71983
@SQ	SN:scaf_279	LN:71870
@SQ	SN:scaf_280	LN:71434
@SQ	SN:scaf_281	LN:71227
@SQ	SN:scaf_282	LN:71196
@SQ	SN:scaf_283	LN:71104
@SQ	SN:scaf_284	LN:70953
@SQ	SN:scaf_285	LN:70845
@SQ	SN:scaf_286	LN:70600
@SQ	SN:scaf_287	LN:70547
@SQ	SN:scaf_288	LN:70410
@SQ	SN:scaf_289	LN:70226
@SQ	SN:scaf_290	LN:70070
@SQ	SN:scaf_291	LN:69844
@SQ	SN:scaf_292	LN:69796
@SQ	SN:scaf_293	LN:69747
@SQ	SN:scaf_294	LN:69542
@SQ	SN:scaf_295	LN:69529
@SQ	SN:scaf_296	LN:69442
@SQ	SN:scaf_297	LN:69369
@SQ	SN:scaf_298	LN:69364
@SQ	SN:scaf_299	LN:69243
@SQ	SN:scaf_300	LN:69101
@SQ	SN:scaf_301	LN:69023
@SQ	SN:scaf_302	LN:68967
@SQ	SN:scaf_303	LN:68912
@SQ	SN:scaf_304	LN:68810
@SQ	SN:scaf_305	LN:68803
@SQ	SN:scaf_306	LN:68764
@SQ	SN:scaf_307	LN:68750
@SQ	SN:scaf_308	LN:68697
@SQ	SN:scaf_309	LN:68464
@SQ	SN:scaf_310	LN:68461
@SQ	SN:scaf_311	LN:68394
@SQ	SN:scaf_312	LN:68386
@SQ	SN:scaf_313	LN:68340
@SQ	SN:scaf_314	LN:68200
@SQ	SN:scaf_315	LN:68185
@SQ	SN:scaf_316	LN:68157
@SQ	SN:scaf_317	LN:68122
@SQ	SN:scaf_318	LN:67773
@SQ	SN:scaf_319	LN:67715
@SQ	SN:scaf_320	LN:67453
@SQ	SN:scaf_321	LN:67423
@SQ	SN:scaf_322	LN:67253
@SQ	SN:scaf_323	LN:67217
@SQ	SN:scaf_324	LN:67121
@SQ	SN:scaf_325	LN:67094
@SQ	SN:scaf_326	LN:66933
@SQ	SN:scaf_327	LN:66933
@SQ	SN:scaf_328	LN:66728
@SQ	SN:scaf_329	LN:66653
@SQ	SN:scaf_330	LN:66505
@SQ	SN:scaf_331	LN:66412
@SQ	SN:scaf_332	LN:66353
@SQ	SN:scaf_333	LN:66282
@SQ	SN:scaf_334	LN:66272
@SQ	SN:scaf_335	LN:66081
@SQ	SN:scaf_336	LN:66016
@SQ	SN:scaf_337	LN:65790
@SQ	SN:scaf_338	LN:65540
@SQ	SN:scaf_339	LN:65537
@SQ	SN:scaf_340	LN:65427
@SQ	SN:scaf_341	LN:65327
@SQ	SN:scaf_342	LN:65280
@SQ	SN:scaf_343	LN:65236
@SQ	SN:scaf_344	LN:65094
@SQ	SN:scaf_345	LN:64929
@SQ	SN:scaf_346	LN:64906
@SQ	SN:scaf_347	LN:64744
@SQ	SN:scaf_348	LN:64714
@SQ	SN:scaf_349	LN:64685
@SQ	SN:scaf_350	LN:64593
@SQ	SN:scaf_351	LN:64495
@SQ	SN:scaf_352	LN:64265
@SQ	SN:scaf_353	LN:64155
@SQ	SN:scaf_354	LN:64072
@SQ	SN:scaf_355	LN:64028
@SQ	SN:scaf_356	LN:63985
@SQ	SN:scaf_357	LN:63908
@SQ	SN:scaf_358	LN:63880
@SQ	SN:scaf_359	LN:63432
@SQ	SN:scaf_360	LN:63266
@SQ	SN:scaf_361	LN:63177
@SQ	SN:scaf_362	LN:63148
@SQ	SN:scaf_363	LN:63113
@SQ	SN:scaf_364	LN:63084
@SQ	SN:scaf_365	LN:63080
@SQ	SN:scaf_366	LN:62556
@SQ	SN:scaf_367	LN:62541
@SQ	SN:scaf_368	LN:62533
@SQ	SN:scaf_369	LN:62516
@SQ	SN:scaf_370	LN:62509
@SQ	SN:scaf_371	LN:62284
@SQ	SN:scaf_372	LN:62204
@SQ	SN:scaf_373	LN:62066
@SQ	SN:scaf_374	LN:62047
@SQ	SN:scaf_375	LN:61971
@SQ	SN:scaf_376	LN:61863
@SQ	SN:scaf_377	LN:61815
@SQ	SN:scaf_378	LN:61663
@SQ	SN:scaf_379	LN:61251
@SQ	SN:scaf_380	LN:61109
@SQ	SN:scaf_381	LN:61002
@SQ	SN:scaf_382	LN:60996
@SQ	SN:scaf_383	LN:60990
@SQ	SN:scaf_384	LN:60988
@SQ	SN:scaf_385	LN:60794
@SQ	SN:scaf_386	LN:60618
@SQ	SN:scaf_387	LN:60414
@SQ	SN:scaf_388	LN:60261
@SQ	SN:scaf_389	LN:60203
@SQ	SN:scaf_390	LN:60132
@SQ	SN:scaf_391	LN:60044
@SQ	SN:scaf_392	LN:59970
@SQ	SN:scaf_393	LN:59921
@SQ	SN:scaf_394	LN:59838
@SQ	SN:scaf_395	LN:59635
@SQ	SN:scaf_396	LN:59584
@SQ	SN:scaf_397	LN:59572
@SQ	SN:scaf_398	LN:59286
@SQ	SN:scaf_399	LN:59208
@SQ	SN:scaf_400	LN:59116
@SQ	SN:scaf_401	LN:59113
@SQ	SN:scaf_402	LN:58978
@SQ	SN:scaf_403	LN:58950
@SQ	SN:scaf_404	LN:58762
@SQ	SN:scaf_405	LN:58605
@SQ	SN:scaf_406	LN:58599
@SQ	SN:scaf_407	LN:58456
@SQ	SN:scaf_408	LN:58405
@SQ	SN:scaf_409	LN:58344
@SQ	SN:scaf_410	LN:57998
@SQ	SN:scaf_411	LN:57932
@SQ	SN:scaf_412	LN:57849
@SQ	SN:scaf_413	LN:57812
@SQ	SN:scaf_414	LN:57501
@SQ	SN:scaf_415	LN:57472
@SQ	SN:scaf_416	LN:57371
@SQ	SN:scaf_417	LN:57210
@SQ	SN:scaf_418	LN:57042
@SQ	SN:scaf_419	LN:57011
@SQ	SN:scaf_420	LN:56837
@SQ	SN:scaf_421	LN:56819
@SQ	SN:scaf_422	LN:56707
@SQ	SN:scaf_423	LN:56705
@SQ	SN:scaf_424	LN:56693
@SQ	SN:scaf_425	LN:56600
@SQ	SN:scaf_426	LN:56555
@SQ	SN:scaf_427	LN:56516
@SQ	SN:scaf_428	LN:56435
@SQ	SN:scaf_429	LN:56416
@SQ	SN:scaf_430	LN:56249
@SQ	SN:scaf_431	LN:56149
@SQ	SN:scaf_432	LN:56140
@SQ	SN:scaf_433	LN:55942
@SQ	SN:scaf_434	LN:55813
@SQ	SN:scaf_435	LN:55746
@SQ	SN:scaf_436	LN:55605
@SQ	SN:scaf_437	LN:55516
@SQ	SN:scaf_438	LN:55489
@SQ	SN:scaf_439	LN:55303
@SQ	SN:scaf_440	LN:55289
@SQ	SN:scaf_441	LN:55099
@SQ	SN:scaf_442	LN:55048
@SQ	SN:scaf_443	LN:54923
@SQ	SN:scaf_444	LN:54898
@SQ	SN:scaf_445	LN:54817
@SQ	SN:scaf_446	LN:54746
@SQ	SN:scaf_447	LN:54638
@SQ	SN:scaf_448	LN:54628
@SQ	SN:scaf_449	LN:54545
@SQ	SN:scaf_450	LN:54531
@SQ	SN:scaf_451	LN:54430
@SQ	SN:scaf_452	LN:54309
@SQ	SN:scaf_453	LN:54288
@SQ	SN:scaf_454	LN:54132
@SQ	SN:scaf_455	LN:54093
@SQ	SN:scaf_456	LN:53967
@SQ	SN:scaf_457	LN:53894
@SQ	SN:scaf_458	LN:53843
@SQ	SN:scaf_459	LN:53481
@SQ	SN:scaf_460	LN:53434
@SQ	SN:scaf_461	LN:53417
@SQ	SN:scaf_462	LN:53195
@SQ	SN:scaf_463	LN:53086
@SQ	SN:scaf_464	LN:52993
@SQ	SN:scaf_465	LN:52955
@SQ	SN:scaf_466	LN:52889
@SQ	SN:scaf_467	LN:52720
@SQ	SN:scaf_468	LN:52562
@SQ	SN:scaf_469	LN:52527
@SQ	SN:scaf_470	LN:52467
@SQ	SN:scaf_471	LN:52001
@SQ	SN:scaf_472	LN:51792
@SQ	SN:scaf_473	LN:51791
@SQ	SN:scaf_474	LN:51790
@SQ	SN:scaf_475	LN:51498
@SQ	SN:scaf_476	LN:51442
@SQ	SN:scaf_477	LN:51437
@SQ	SN:scaf_478	LN:51436
@SQ	SN:scaf_479	LN:51400
@SQ	SN:scaf_480	LN:51317
@SQ	SN:scaf_481	LN:51285
@SQ	SN:scaf_482	LN:51226
@SQ	SN:scaf_483	LN:51166
@SQ	SN:scaf_484	LN:51159
@SQ	SN:scaf_485	LN:51097
@SQ	SN:scaf_486	LN:51050
@SQ	SN:scaf_487	LN:51005
@SQ	SN:scaf_488	LN:50467
@SQ	SN:scaf_489	LN:50303
@SQ	SN:scaf_490	LN:50230
@SQ	SN:scaf_491	LN:50119
@SQ	SN:scaf_492	LN:50112
@SQ	SN:scaf_493	LN:50095
@SQ	SN:scaf_494	LN:50090
@SQ	SN:scaf_495	LN:49999
@SQ	SN:scaf_496	LN:49900
@SQ	SN:scaf_497	LN:49811
@SQ	SN:scaf_498	LN:49759
@SQ	SN:scaf_499	LN:49573
@SQ	SN:scaf_500	LN:49572
@SQ	SN:scaf_501	LN:49558
@SQ	SN:scaf_502	LN:49534
@SQ	SN:scaf_503	LN:49321
@SQ	SN:scaf_504	LN:49133
@SQ	SN:scaf_505	LN:49076
@SQ	SN:scaf_506	LN:48960
@SQ	SN:scaf_507	LN:48845
@SQ	SN:scaf_508	LN:48796
@SQ	SN:scaf_509	LN:48793
@SQ	SN:scaf_510	LN:48788
@SQ	SN:scaf_511	LN:48698
@SQ	SN:scaf_512	LN:48411
@SQ	SN:scaf_513	LN:48321
@SQ	SN:scaf_514	LN:48292
@SQ	SN:scaf_515	LN:48059
@SQ	SN:scaf_516	LN:48018
@SQ	SN:scaf_517	LN:47885
@SQ	SN:scaf_518	LN:47771
@SQ	SN:scaf_519	LN:47732
@SQ	SN:scaf_520	LN:47726
@SQ	SN:scaf_521	LN:47702
@SQ	SN:scaf_522	LN:47686
@SQ	SN:scaf_523	LN:47658
@SQ	SN:scaf_524	LN:47519
@SQ	SN:scaf_525	LN:47504
@SQ	SN:scaf_526	LN:47428
@SQ	SN:scaf_527	LN:47425
@SQ	SN:scaf_528	LN:47422
@SQ	SN:scaf_529	LN:47062
@SQ	SN:scaf_530	LN:47056
@SQ	SN:scaf_531	LN:47032
@SQ	SN:scaf_532	LN:46775
@SQ	SN:scaf_533	LN:46694
@SQ	SN:scaf_534	LN:46575
@SQ	SN:scaf_535	LN:46567
@SQ	SN:scaf_536	LN:46533
@SQ	SN:scaf_537	LN:46395
@SQ	SN:scaf_538	LN:46312
@SQ	SN:scaf_539	LN:46276
@SQ	SN:scaf_540	LN:46195
@SQ	SN:scaf_541	LN:46105
@SQ	SN:scaf_542	LN:45928
@SQ	SN:scaf_543	LN:45898
@SQ	SN:scaf_544	LN:45870
@SQ	SN:scaf_545	LN:45852
@SQ	SN:scaf_546	LN:45599
@SQ	SN:scaf_547	LN:45570
@SQ	SN:scaf_548	LN:45567
@SQ	SN:scaf_549	LN:45460
@SQ	SN:scaf_550	LN:45408
@SQ	SN:scaf_551	LN:45391
@SQ	SN:scaf_552	LN:45290
@SQ	SN:scaf_553	LN:45286
@SQ	SN:scaf_554	LN:45262
@SQ	SN:scaf_555	LN:45165
@SQ	SN:scaf_556	LN:44942
@SQ	SN:scaf_557	LN:44777
@SQ	SN:scaf_558	LN:44734
@SQ	SN:scaf_559	LN:44719
@SQ	SN:scaf_560	LN:44617
@SQ	SN:scaf_561	LN:44557
@SQ	SN:scaf_562	LN:44525
@SQ	SN:scaf_563	LN:44435
@SQ	SN:scaf_564	LN:44391
@SQ	SN:scaf_565	LN:44377
@SQ	SN:scaf_566	LN:44336
@SQ	SN:scaf_567	LN:44149
@SQ	SN:scaf_568	LN:43798
@SQ	SN:scaf_569	LN:43689
@SQ	SN:scaf_570	LN:43564
@SQ	SN:scaf_571	LN:43505
@SQ	SN:scaf_572	LN:43361
@SQ	SN:scaf_573	LN:43335
@SQ	SN:scaf_574	LN:43270
@SQ	SN:scaf_575	LN:43186
@SQ	SN:scaf_576	LN:43039
@SQ	SN:scaf_577	LN:42914
@SQ	SN:scaf_578	LN:42890
@SQ	SN:scaf_579	LN:42824
@SQ	SN:scaf_580	LN:42746
@SQ	SN:scaf_581	LN:42734
@SQ	SN:scaf_582	LN:42695
@SQ	SN:scaf_583	LN:42670
@SQ	SN:scaf_584	LN:42655
@SQ	SN:scaf_585	LN:42653
@SQ	SN:scaf_586	LN:42361
@SQ	SN:scaf_587	LN:42140
@SQ	SN:scaf_588	LN:42065
@SQ	SN:scaf_589	LN:42059
@SQ	SN:scaf_590	LN:42054
@SQ	SN:scaf_591	LN:42047
@SQ	SN:scaf_592	LN:42042
@SQ	SN:scaf_593	LN:41905
@SQ	SN:scaf_594	LN:41863
@SQ	SN:scaf_595	LN:41770
@SQ	SN:scaf_596	LN:41630
@SQ	SN:scaf_597	LN:41600
@SQ	SN:scaf_598	LN:41539
@SQ	SN:scaf_599	LN:41383
@SQ	SN:scaf_600	LN:41377
@SQ	SN:scaf_601	LN:41329
@SQ	SN:scaf_602	LN:41219
@SQ	SN:scaf_603	LN:41109
@SQ	SN:scaf_604	LN:41107
@SQ	SN:scaf_605	LN:41057
@SQ	SN:scaf_606	LN:41030
@SQ	SN:scaf_607	LN:40971
@SQ	SN:scaf_608	LN:40905
@SQ	SN:scaf_609	LN:40876
@SQ	SN:scaf_610	LN:40847
@SQ	SN:scaf_611	LN:40814
@SQ	SN:scaf_612	LN:40576
@SQ	SN:scaf_613	LN:40560
@SQ	SN:scaf_614	LN:40479
@SQ	SN:scaf_615	LN:40402
@SQ	SN:scaf_616	LN:40389
@SQ	SN:scaf_617	LN:40165
@SQ	SN:scaf_618	LN:40145
@SQ	SN:scaf_619	LN:40064
@SQ	SN:scaf_620	LN:40006
@SQ	SN:scaf_621	LN:39904
@SQ	SN:scaf_622	LN:39697
@SQ	SN:scaf_623	LN:39553
@SQ	SN:scaf_624	LN:39481
@SQ	SN:scaf_625	LN:39460
@SQ	SN:scaf_626	LN:39077
@SQ	SN:scaf_627	LN:39038
@SQ	SN:scaf_628	LN:38891
@SQ	SN:scaf_629	LN:38764
@SQ	SN:scaf_630	LN:38610
@SQ	SN:scaf_631	LN:38558
@SQ	SN:scaf_632	LN:38463
@SQ	SN:scaf_633	LN:38456
@SQ	SN:scaf_634	LN:38214
@SQ	SN:scaf_635	LN:37995
@SQ	SN:scaf_636	LN:37985
@SQ	SN:scaf_637	LN:37569
@SQ	SN:scaf_638	LN:37477
@SQ	SN:scaf_639	LN:37416
@SQ	SN:scaf_640	LN:37393
@SQ	SN:scaf_641	LN:37334
@SQ	SN:scaf_642	LN:37315
@SQ	SN:scaf_643	LN:37184
@SQ	SN:scaf_644	LN:37110
@SQ	SN:scaf_645	LN:37080
@SQ	SN:scaf_646	LN:36930
@SQ	SN:scaf_647	LN:36782
@SQ	SN:scaf_648	LN:36641
@SQ	SN:scaf_649	LN:36626
@SQ	SN:scaf_650	LN:36526
@SQ	SN:scaf_651	LN:36525
@SQ	SN:scaf_652	LN:36369
@SQ	SN:scaf_653	LN:36282
@SQ	SN:scaf_654	LN:36267
@SQ	SN:scaf_655	LN:36266
@SQ	SN:scaf_656	LN:36217
@SQ	SN:scaf_657	LN:35909
@SQ	SN:scaf_658	LN:35909
@SQ	SN:scaf_659	LN:35884
@SQ	SN:scaf_660	LN:35784
@SQ	SN:scaf_661	LN:35720
@SQ	SN:scaf_662	LN:35668
@SQ	SN:scaf_663	LN:35599
@SQ	SN:scaf_664	LN:35539
@SQ	SN:scaf_665	LN:35297
@SQ	SN:scaf_666	LN:35285
@SQ	SN:scaf_667	LN:35263
@SQ	SN:scaf_668	LN:35100
@SQ	SN:scaf_669	LN:34989
@SQ	SN:scaf_670	LN:34940
@SQ	SN:scaf_671	LN:34852
@SQ	SN:scaf_672	LN:34684
@SQ	SN:scaf_673	LN:34626
@SQ	SN:scaf_674	LN:34568
@SQ	SN:scaf_675	LN:34427
@SQ	SN:scaf_676	LN:34391
@SQ	SN:scaf_677	LN:33997
@SQ	SN:scaf_678	LN:33938
@SQ	SN:scaf_679	LN:33821
@SQ	SN:scaf_680	LN:33689
@SQ	SN:scaf_681	LN:33683
@SQ	SN:scaf_682	LN:33634
@SQ	SN:scaf_683	LN:33496
@SQ	SN:scaf_684	LN:33264
@SQ	SN:scaf_685	LN:32618
@SQ	SN:scaf_686	LN:32197
@SQ	SN:scaf_687	LN:32019
@SQ	SN:scaf_688	LN:31944
@SQ	SN:scaf_689	LN:31748
@SQ	SN:scaf_690	LN:31498
@SQ	SN:scaf_691	LN:31489
@SQ	SN:scaf_692	LN:31211
@SQ	SN:scaf_693	LN:30818
@SQ	SN:scaf_694	LN:30512
@SQ	SN:scaf_695	LN:30084
@RG	ID:GATKCopyNumber	SM:PN9_SID853
CONTIG	POSITION	REF_COUNT	ALT_COUNT	REF_NUCLEOTIDE	ALT_NUCLEOTIDE
chr1	436057	3	2	T	A
chr1	495318	2	2	A	T
chr1	1518897	4	2	G	A
chr1	1885404	2	2	T	G
chr1	2141755	3	2	G	C
chr1	2278118	3	2	A	G
chr1	2963791	2	1	C	A
chr1	2963794	2	1	A	G
chr1	4289823	3	2	A	G
chr1	4290638	3	2	C	A
chr1	4315833	2	2	C	A
chr1	4939348	3	2	C	G
chr1	5286559	2	5	C	A
chr1	5431100	2	2	C	T
chr1	6013901	2	1	A	G
chr1	6013904	3	0	T	N
chr1	6013912	3	1	A	G
chr1	6013913	3	1	G	T
chr1	6013931	3	3	C	T
chr1	6013935	3	3	A	G
chr1	6013936	2	3	A	G
chr1	6013962	2	4	T	G
chr1	6013964	2	3	C	T
chr1	6013979	2	3	G	T
chr1	6013982	2	3	C	G
chr1	6189111	4	2	C	G
chr1	6198541	3	2	T	A
chr1	7128362	3	2	A	G
chr1	7158941	3	2	T	A
chr1	8341057	2	2	A	C
chr1	9489150	2	2	C	G
chr1	9568998	2	2	A	G
chr1	10452323	2	2	A	G
chr1	12676102	2	2	C	A
chr1	14122796	2	2	T	C
chr1	14923163	2	1	A	G
chr1	16250375	3	2	T	C
chr1	16250394	3	2	G	A
chr1	16504990	2	2	G	C
chr1	16703152	4	2	C	T
chr1	17263875	3	3	G	A
chr1	17717669	2	0	A	N
chr1	17720694	3	3	A	G
chr1	17720760	3	3	C	T
chr1	17720776	2	3	C	T
chr1	17867455	2	2	T	A
chr1	18124888	2	1	T	C
chr1	18588780	2	2	A	T
chr1	20028074	2	2	T	C
chr1	20129231	4	2	C	G
chr1	20722237	2	2	T	C
chr1	20841252	2	2	C	T
chr1	21870968	2	2	C	T
chr1	23760917	2	2	A	G
chr1	23760928	2	2	T	G
chr1	23760930	2	2	G	A
chr1	23760964	2	2	C	T
chr1	24852125	4	3	C	T
chr1	24983272	2	2	G	A
chr1	24983280	2	2	G	A
chr1	24983298	2	2	G	A
chr1	24983337	2	2	A	G
chr1	24983343	2	2	T	C
chr1	24983345	2	3	G	A
chr1	25290929	2	2	G	T
chr1	27026069	2	3	T	A
chr1	27368622	2	4	T	C
chr1	28322901	2	2	G	A
chr1	28683215	2	2	C	T
chr1	28683216	2	2	A	G
chr1	28683263	2	2	T	C
chr1	28683398	2	2	C	T
chr1	28683402	2	2	C	T
chr1	28683408	2	2	C	G
chr1	28683413	2	2	G	A
chr1	29724671	3	2	A	G
chr1	30612684	0	2	G	T
chr1	30612715	1	2	G	A
chr1	31098365	3	2	G	A
chr1	31098388	2	3	A	C
chr1	31098390	2	3	G	A
chr1	31098392	2	3	A	G
chr1	31381283	2	2	C	T
chr1	32053915	2	2	A	G
chr1	32055104	2	1	T	C
chr1	32303449	2	2	A	C
chr1	32358808	2	2	T	C
chr1	32373851	2	2	T	C
chr1	35409815	2	3	T	A
chr1	35675614	2	2	C	T
chr1	35879352	3	2	T	C
chr1	35891368	2	2	T	C
chr1	36436310	2	2	G	C
chr1	37919696	4	2	A	G
chr1	38066999	2	3	G	A
chr1	38067031	3	3	A	G
chr1	38067078	4	4	G	C
chr1	38734667	2	2	A	G
chr1	39142610	3	2	C	G
chr1	40088900	3	2	T	G
chr1	41685889	4	2	T	A
chr1	42902424	2	2	C	G
chr1	43191865	2	2	G	A
chr1	43191952	5	2	C	T
chr1	43345048	2	2	T	C
chr1	44888064	2	5	A	G
chr1	44888074	4	4	C	T
chr1	44888094	2	6	G	C
chr1	44888112	4	3	A	G
chr1	44888211	3	5	C	T
chr1	44888213	3	5	A	G
chr1	44888237	4	4	A	G
chr1	44888239	3	5	T	C
chr1	44888267	2	5	A	G
chr1	44888269	2	3	A	G
chr1	44888326	2	3	A	G
chr1	46215079	2	2	A	G
chr1	47588125	2	2	T	G
chr1	48809752	5	2	G	A
chr1	48809815	7	1	C	T
chr1	48809819	6	1	A	G
chr1	50013680	2	2	A	T
chr1	50210425	2	2	T	A
chr1	51879843	2	2	G	A
chr1	51970599	3	2	C	A
chr1	54129049	2	0	A	N
chr1	54197252	4	2	G	C
chr1	55941366	3	0	G	N
chr1	57175321	6	2	C	T
chr1	57290812	2	1	A	G
chr1	57933675	2	1	G	A
chr1	58048873	2	2	A	G
chr1	58208162	2	2	G	A
chr1	58310524	3	2	T	G
chr1	58488098	3	2	A	T
chr1	58734728	4	2	C	A
chr1	61469653	3	1	A	G
chr1	61764250	4	2	G	A
chr1	62564598	2	2	C	T
chr1	62898039	2	2	A	G
chr1	64366210	2	2	T	A
chr1	64366211	2	2	T	A
chr1	66339603	2	2	G	T
chr1	67779147	3	2	G	A
chr1	68413352	2	2	A	T
chr1	70382961	2	2	T	C
chr1	70383079	5	2	G	C
chr1	70398118	4	2	A	T
chr1	71941647	3	6	T	C
chr1	76456633	4	2	G	A
chr1	77905187	3	2	A	G
chr1	78114522	2	2	T	C
chr1	78114546	2	2	G	A
chr1	78114550	2	2	T	G
chr1	78292628	2	0	C	N
chr1	78292631	2	0	T	N
chr1	78292649	2	0	C	N
chr1	78292694	3	0	G	N
chr1	78668106	2	2	A	C
chr1	78668129	2	2	T	C
chr1	79822354	2	2	C	G
chr1	81125343	2	2	G	A
chr1	82177180	4	2	C	T
chr1	82333371	2	2	C	A
chr1	84839331	4	2	C	T
chr1	85201006	2	2	C	G
chr1	85363222	2	2	C	A
chr1	85502913	2	2	G	T
chr1	86230668	2	2	G	T
chr1	86313220	2	0	G	N
chr1	86427335	2	2	A	G
chr1	87672810	3	2	T	C
chr1	91386873	3	2	G	A
chr1	91662047	2	2	A	G
chr1	92838545	2	2	T	C
chr1	93337629	2	2	T	G
chr1	93977965	3	3	C	T
chr1	93977967	3	3	A	G
chr1	93977968	3	3	C	T
chr1	93978030	3	2	C	T
chr1	95127178	4	2	G	A
chr1	95561847	2	2	G	A
chr1	95968845	3	2	C	T
chr1	95968918	3	2	G	A
chr1	95968927	5	2	G	A
chr1	98008426	3	2	C	T
chr1	98232125	3	2	C	A
chr1	98719140	2	2	C	T
chr1	98858789	2	2	G	A
chr1	99605375	2	2	T	A
chr1	99881848	2	1	G	A
chr1	101725280	2	1	T	C
chr1	104669907	3	2	T	C
chr1	104879852	4	1	C	T
chr1	104879853	3	1	A	G
chr1	106066524	2	2	G	T
chr1	106083492	3	2	A	C
chr1	106537394	2	2	C	A
chr1	106636586	2	2	C	T
chr1	107536086	2	2	T	A
chr1	107690625	3	2	G	A
chr1	109455160	2	2	T	A
chr1	109917242	2	2	T	C
chr1	111436497	1	0	T	N
chr1	111865290	3	2	C	T
chr1	112302607	2	2	T	A
chr1	112629255	2	2	G	A
chr1	112921475	2	2	C	T
chr1	114035933	3	2	T	C
chr1	114532553	2	2	A	C
chr1	114985405	2	2	A	C
chr1	115155862	3	2	C	T
chr1	116430079	2	1	T	A
chr1	116599425	2	0	G	N
chr1	117571134	2	2	T	C
chr1	117751095	3	2	T	A
chr1	118294790	3	2	C	A
chr1	120693400	2	2	T	A
chr1	122278948	3	2	A	G
chr1	122511432	2	2	G	A
chr1	123394974	4	2	A	T
chr1	123658279	3	0	G	N
chr1	123658280	3	0	A	N
chr1	124353727	2	2	C	T
chr1	124353747	2	2	A	G
chr1	124353968	2	2	C	T
chr1	126128646	2	1	C	T
chr1	126963304	3	2	G	A
chr1	127465952	2	3	G	A
chr1	127465985	2	3	A	T
chr1	128913951	4	2	G	A
chr1	129553496	3	2	C	T
chr1	129855727	5	2	C	A
chr1	129855729	5	2	T	G
chr1	130690512	6	1	A	G
chr1	130690620	6	0	A	N
chr1	130690623	4	0	T	N
chr1	130690627	5	0	T	N
chr1	131714869	1	2	C	T
chr1	132072127	4	2	A	T
chr1	132139871	2	2	A	G
chr1	132923590	2	2	A	C
chr1	133145429	2	2	A	T
chr1	133636593	4	0	C	N
chr1	138744310	2	2	A	G
chr1	138842681	2	2	G	A
chr1	139402259	2	1	G	A
chr1	139823374	3	3	T	C
chr1	141080165	2	2	C	T
chr1	141294253	4	2	C	T
chr1	141542637	2	2	C	A
chr1	141598703	3	2	C	T
chr1	142142423	5	2	C	A
chr1	142457497	2	2	G	A
chr1	142607862	2	2	C	G
chr1	145283303	2	2	A	G
chr1	145443995	3	1	T	C
chr1	145444018	2	1	T	C
chr1	145519829	2	2	C	T
chr1	145930996	3	2	C	A
chr1	146030401	2	2	G	C
chr1	147082685	2	2	A	C
chr1	147325465	3	2	A	G
chr1	149578555	2	2	G	A
chr1	150273495	2	0	A	N
chr1	151236688	2	0	A	N
chr1	151236695	2	2	G	A
chr1	151236773	2	2	C	T
chr1	151468597	2	2	T	C
chr1	152927818	2	2	G	A
chr1	153675168	2	1	C	T
chr1	155552144	3	2	C	T
chr1	157520128	3	2	T	C
chr1	157520157	3	2	T	G
chr1	157536319	3	3	A	G
chr1	157536335	3	2	C	G
chr1	157619858	4	2	G	A
chr1	159330937	2	2	C	G
chr1	161170411	2	2	C	T
chr1	161170415	2	2	A	G
chr1	162004703	2	1	A	T
chr1	162175716	2	2	A	G
chr1	163733440	4	2	C	T
chr1	164510601	2	2	A	G
chr1	164657766	2	2	G	T
chr1	166039826	2	2	C	T
chr1	166039846	2	2	C	T
chr1	166449889	2	2	T	C
chr1	166449950	3	3	T	A
chr1	166770808	2	2	A	T
chr1	167246884	2	2	A	C
chr1	167707354	2	2	A	C
chr1	167921738	2	2	G	C
chr1	169093737	3	2	T	A
chr1	171658036	2	2	C	T
chr1	172864221	2	2	G	T
chr1	173769122	3	2	C	T
chr1	174438154	2	2	G	A
chr1	177303170	2	2	C	T
chr1	179086404	2	2	A	G
chr1	179710082	3	2	G	C
chr1	179710129	2	2	G	A
chr1	179918542	2	2	C	T
chr1	179920415	3	2	G	T
chr1	179922459	2	2	A	G
chr1	180165623	2	2	G	C
chr1	180762105	3	2	G	A
chr1	183025938	2	2	T	A
chr1	183468200	5	9	G	A
chr1	183468244	4	7	C	T
chr1	183468248	5	7	T	C
chr1	183468314	5	14	T	C
chr1	183468318	7	12	C	T
chr1	183468319	16	1	T	C
chr1	183468368	5	4	T	C
chr1	183468376	3	5	T	C
chr1	183468379	3	3	T	A
chr1	183468416	2	3	G	A
chr1	183648534	2	3	G	A
chr1	183648568	2	2	T	C
chr1	183648613	2	3	T	C
chr1	185548885	3	2	C	A
chr1	186376879	3	2	C	T
chr1	186978963	3	3	C	T
chr1	186979023	4	5	T	G
chr1	186979112	7	2	C	T
chr1	186979128	5	4	G	A
chr1	187570658	2	2	C	T
chr1	187624543	2	2	T	C
chr1	187712769	2	2	A	G
chr1	188010900	2	2	C	G
chr1	189069326	2	2	G	A
chr1	189069331	2	2	T	G
chr1	189069336	2	2	A	G
chr1	190368105	2	2	G	A
chr1	190380719	2	2	C	A
chr1	190457762	3	2	A	T
chr1	190498353	2	2	G	A
chr1	190719636	2	2	T	G
chr1	190719684	2	2	A	G
chr1	190719696	2	2	C	T
chr1	190720543	2	2	C	A
chr1	192482923	2	0	T	N
chr1	193732125	2	2	G	T
chr1	194260663	3	1	T	C
chr1	194260705	3	0	G	N
chr1	195749157	3	2	T	A
chr1	198873137	2	2	A	G
chr1	200490607	2	2	G	T
chr1	201508243	2	2	G	A
chr1	201851185	2	2	T	C
chr1	202878446	2	2	A	G
chr1	202878449	2	2	A	C
chr1	202878491	2	2	T	C
chr1	203790492	2	2	G	A
chr1	204443860	2	2	G	T
chr1	204887266	2	2	C	T
chr1	204887272	2	2	C	T
chr1	204887298	2	2	C	T
chr1	204887316	2	2	G	A
chr1	204887330	2	2	C	T
chr1	205057998	2	2	C	T
chr1	205059434	2	2	G	A
chr1	205059448	2	2	T	C
chr1	205059457	2	2	A	G
chr1	205059463	2	2	T	C
chr1	205059615	2	2	G	C
chr1	205338669	3	2	A	C
chr1	205738003	2	2	G	C
chr1	205963654	3	2	G	T
chr1	206157062	3	2	G	A
chr1	206418583	2	2	G	A
chr1	208440260	4	2	A	G
chr1	209981856	2	2	G	A
chr1	210758018	2	1	T	C
chr1	210832896	2	2	G	T
chr1	213690182	2	2	T	A
chr1	213700546	1	1	C	T
chr1	213700762	2	4	G	A
chr1	213700807	4	2	C	T
chr1	214063839	2	2	C	T
chr1	214930597	2	2	T	C
chr1	215812801	2	2	T	A
chr1	216147705	3	1	A	G
chr1	216714082	2	2	G	A
chr1	216992230	2	1	T	C
chr1	216994062	3	2	C	T
chr1	217253639	3	2	G	T
chr1	218701217	2	2	G	A
chr1	219332336	2	2	G	A
chr1	219715993	2	2	G	T
chr1	221143739	2	2	A	T
chr1	221344274	2	2	A	G
chr1	221590622	2	2	C	T
chr1	221938599	3	2	G	C
chr1	222195845	3	2	C	T
chr1	222310780	3	2	G	T
chr1	223381523	3	2	A	G
chr1	223560641	4	2	C	T
chr1	223603734	2	2	G	C
chr1	223603840	2	2	G	T
chr1	223603842	2	2	C	T
chr1	223603903	3	4	C	A
chr1	223603930	2	2	T	C
chr1	223603935	2	2	T	C
chr1	223603936	2	2	G	A
chr1	223603976	2	2	T	C
chr1	224026036	4	2	A	G
chr1	224872868	2	2	A	G
chr1	225013966	2	2	A	T
chr1	225268365	4	2	A	G
chr1	225807248	2	1	T	C
chr1	225941512	3	2	A	C
chr1	227305730	4	2	G	A
chr1	228006991	3	2	G	A
chr1	228220481	2	2	G	T
chr1	229128076	3	2	A	C
chr1	229309051	1	2	A	G
chr1	232372216	2	2	C	T
chr1	233957833	2	0	A	N
chr1	234333824	2	2	C	A
chr1	234334028	2	2	C	T
chr1	237769502	2	2	A	G
chr1	238714174	3	2	A	G
chr1	240306524	2	1	A	G
chr1	241125032	3	2	A	C
chr1	243224359	3	2	A	G
chr1	243551389	3	2	G	A
chr1	244427884	3	2	C	T
chr1	246864019	3	0	C	N
chr1	247504493	2	2	T	C
chr1	247599938	2	2	C	T
chr1	249358808	2	2	A	G
chr1	249435879	4	2	G	A
chr1	249603851	2	2	G	T
chr1	250960654	2	0	T	N
chr1	251160382	2	2	C	T
chr1	251275787	2	2	C	T
chr1	251579573	2	2	G	T
chr1	255583289	2	2	A	T
chr1	255888535	3	3	G	T
chr1	255943720	1	1	C	T
chr1	255965565	6	0	T	N
chr1	255965580	2	0	T	N
chr1	255965593	3	2	A	T
chr1	255993535	2	1	C	T
chr1	256436394	4	1	A	G
chr1	257195278	2	3	C	T
chr1	257325058	3	1	A	G
chr1	257521894	2	1	A	G
chr1	258818626	2	2	C	A
chr1	259315686	2	2	A	T
chr1	259643320	2	2	G	C
chr1	261175038	3	2	C	A
chr1	261458648	3	2	T	C
chr1	261954514	3	0	A	N
chr1	262949637	2	2	T	G
chr1	263150934	3	2	G	A
chr1	263872868	4	2	C	G
chr1	264506994	5	2	T	C
chr1	266045554	2	2	C	T
chr1	268577402	2	2	T	A
chr1	268578573	2	2	A	C
chr1	268578583	2	2	A	G
chr1	271046897	3	2	T	C
chr1	274216375	2	2	C	G
chr1	274534597	2	2	G	C
chr1	274675727	3	2	A	T
chr1	275931905	4	2	T	C
chr1	276334727	2	2	C	T
chr1	276817012	2	0	G	N
chr1	276817013	2	0	A	N
chr1	276817024	2	0	T	N
chr1	276910232	2	2	G	A
chr1	277836987	2	2	T	C
chr1	280174392	4	3	G	A
chr1	280174402	4	3	T	C
chr1	280874476	4	2	C	A
chr1	282499164	2	2	C	T
chr1	282765163	2	2	G	T
chr1	283067877	3	2	C	T
chr1	284756223	2	2	T	C
chr1	285086685	2	2	A	T
chr1	285601410	3	2	G	T
chr1	286296342	4	2	A	G
chr1	287539039	4	5	T	A
chr1	287539048	4	5	G	A
chr1	288160208	3	2	G	C
chr1	288413649	5	2	C	G
chr1	289492281	2	2	G	A
chr1	290591837	2	2	G	A
chr1	290690078	2	0	A	N
chr1	290778899	3	2	G	A
chr1	291262721	3	2	A	G
chr1	292185818	2	2	A	G
chr1	292185875	4	2	A	T
chr1	292279275	3	2	C	T
chr1	292971997	3	2	A	T
chr1	295575215	3	2	G	A
chr1	295610141	2	3	T	G
chr1	296164708	4	2	C	T
chr1	296707353	2	2	A	G
chr1	296713327	2	2	C	G
chr1	296713359	3	2	C	A
chr1	299537899	2	2	T	C
chr1	299707718	2	7	A	C
chr1	299707727	2	5	T	G
chr1	299707731	2	6	G	A
chr1	299707746	2	6	A	T
chr1	299707766	2	5	C	T
chr1	299707787	2	5	T	C
chr1	299707799	2	5	G	A
chr1	301160697	2	2	A	G
chr1	301723780	3	2	C	A
chr1	302439827	4	0	T	N
chr1	302509663	2	2	C	T
chr1	302943007	2	2	A	G
chr1	303041252	2	2	C	A
chr1	304422294	3	2	A	G
chr1	304422340	4	2	G	T
chr1	304422341	4	2	T	G
chr1	305702749	3	2	C	T
chr1	305702753	3	2	T	C
chr1	305702830	3	2	T	A
chr1	305703043	2	2	C	T
chr1	305703070	2	2	C	T
chr1	305703076	2	2	T	A
chr1	306092166	3	2	C	T
chr1	306092238	2	2	G	A
chr1	306252053	2	3	C	T
chr1	306875976	2	2	G	A
chr1	306875979	2	1	C	T
chr1	307427695	2	2	A	C
chr1	307428152	3	3	T	G
chr1	307428170	3	3	T	C
chr1	307428172	3	3	T	C
chr1	307428213	3	3	G	T
chr1	307428226	3	3	T	A
chr1	307428229	3	3	A	C
chr1	307428230	3	3	C	A
chr1	307700308	2	2	G	A
chr1	307867645	2	2	G	A
chr1	308325298	2	2	G	A
chr1	308446610	4	4	G	C
chr1	308446665	5	3	T	A
chr2	401929	3	2	C	T
chr2	733617	9	2	G	T
chr2	733701	4	2	C	T
chr2	733746	5	3	C	G
chr2	1451166	2	2	G	T
chr2	1451211	2	3	C	A
chr2	2239571	2	2	C	T
chr2	2622373	2	2	C	T
chr2	2773953	2	2	G	A
chr2	2773995	2	2	T	G
chr2	2773999	2	2	C	G
chr2	2779782	2	2	G	C
chr2	2779838	2	2	T	C
chr2	2824890	2	2	A	G
chr2	2824896	2	2	A	G
chr2	2824906	2	2	G	T
chr2	2824913	2	2	G	A
chr2	2824925	2	3	C	T
chr2	2825058	2	2	A	G
chr2	3635961	3	3	A	G
chr2	3922231	2	2	G	T
chr2	4787421	3	2	G	A
chr2	5026244	2	2	C	T
chr2	5068202	2	2	C	T
chr2	5198631	3	2	T	C
chr2	5198661	3	2	T	C
chr2	5198677	3	2	C	T
chr2	5198689	3	2	T	C
chr2	5323497	2	2	A	G
chr2	5529968	2	2	G	A
chr2	8591767	2	3	C	T
chr2	8592417	3	4	T	C
chr2	8592529	1	2	C	T
chr2	12106930	3	2	C	T
chr2	12250664	2	2	C	G
chr2	12250669	2	2	C	T
chr2	12250674	2	2	C	T
chr2	12250696	2	2	C	A
chr2	12250763	3	3	C	T
chr2	12250779	3	3	A	G
chr2	12846990	3	2	C	G
chr2	16131579	4	3	C	T
chr2	17034029	2	2	G	A
chr2	17034031	2	2	T	C
chr2	17034056	2	2	A	T
chr2	19823612	2	2	C	T
chr2	22739726	2	2	C	A
chr2	23232203	2	2	G	T
chr2	25829121	2	2	G	T
chr2	26867868	7	4	G	A
chr2	27081115	2	0	A	N
chr2	28745715	2	2	C	T
chr2	30204589	4	2	G	A
chr2	31054928	2	1	C	T
chr2	33435068	3	3	C	T
chr2	33435078	3	3	C	A
chr2	34230411	3	2	A	C
chr2	35235053	4	2	A	G
chr2	36487003	3	2	G	A
chr2	38192169	2	2	C	G
chr2	39105624	2	2	G	T
chr2	40186411	2	2	C	T
chr2	40186460	2	2	A	G
chr2	40517716	2	2	C	T
chr2	40564120	3	2	C	T
chr2	41275925	2	2	T	C
chr2	41651970	2	3	C	T
chr2	41651995	2	3	G	A
chr2	41652000	2	3	G	A
chr2	41652056	2	2	T	G
chr2	42411924	2	1	T	C
chr2	42632468	2	2	A	T
chr2	42668853	2	0	A	N
chr2	43701709	2	2	A	G
chr2	43701716	2	2	T	C
chr2	43701727	2	2	C	T
chr2	44004114	2	2	T	C
chr2	44876924	2	0	A	N
chr2	45528687	2	2	G	A
chr2	45697963	4	2	T	A
chr2	45994151	3	2	C	G
chr2	46052955	2	2	G	T
chr2	46548371	2	2	C	T
chr2	48512777	2	2	G	A
chr2	48770735	2	2	G	A
chr2	48770746	2	2	C	T
chr2	48770819	2	2	G	A
chr2	49266165	2	2	T	C
chr2	49690373	2	2	C	T
chr2	50033109	2	2	G	T
chr2	50310135	3	2	C	G
chr2	50579847	3	0	C	N
chr2	52434617	2	2	T	A
chr2	52530650	1	0	G	N
chr2	52531196	0	0	G	N
chr2	54416042	3	4	G	A
chr2	55087244	4	2	T	C
chr2	55546010	4	2	C	G
chr2	56561442	3	2	T	C
chr2	56561464	3	2	G	A
chr2	56561476	3	2	A	G
chr2	56990299	2	2	C	A
chr2	56992007	2	2	A	T
chr2	60536973	3	2	G	T
chr2	61313636	2	2	G	A
chr2	61397138	4	2	C	T
chr2	61397182	7	2	G	A
chr2	61397255	2	1	G	A
chr2	61577611	2	2	A	G
chr2	63478077	3	2	G	A
chr2	63667849	2	0	A	N
chr2	63667853	2	1	C	G
chr2	63667855	2	1	A	G
chr2	64262855	2	2	T	C
chr2	64741856	2	2	G	C
chr2	66770034	3	2	C	A
chr2	68164109	1	2	C	T
chr2	68164192	2	2	T	C
chr2	69162358	4	2	C	T
chr2	72339938	2	2	A	G
chr2	73146265	2	2	T	C
chr2	75871987	2	2	A	G
chr2	76808433	3	2	G	T
chr2	77672333	2	2	C	T
chr2	77855568	2	2	C	T
chr2	80060985	2	2	T	A
chr2	80758601	2	2	T	C
chr2	81068303	2	2	C	T
chr2	81826490	2	2	G	A
chr2	82794572	2	2	G	A
chr2	86024129	2	2	A	G
chr2	88208499	2	2	A	T
chr2	88354219	3	2	C	T
chr2	90136670	2	2	G	T
chr2	91318983	3	0	A	N
chr2	91628188	3	0	C	N
chr2	92056549	3	2	T	C
chr2	92092769	3	2	C	T
chr2	92092773	3	2	C	T
chr2	92114595	2	0	A	N
chr2	92114603	2	1	A	G
chr2	92114615	2	1	A	G
chr2	92623866	2	2	C	G
chr2	94006406	2	2	G	A
chr2	94748774	2	2	T	A
chr2	95120939	2	2	A	G
chr2	95165612	2	2	T	G
chr2	97807830	2	1	A	G
chr2	97812790	3	2	T	G
chr2	98190806	4	2	G	A
chr2	99169304	2	2	T	A
chr2	99553181	3	2	A	T
chr2	99589977	3	2	C	T
chr2	100996369	2	2	T	C
chr2	102707877	4	2	G	C
chr2	103732503	2	1	T	C
chr2	104247267	2	0	T	N
chr2	104931301	2	2	A	G
chr2	105331987	2	2	A	T
chr2	105394857	4	2	A	C
chr2	106055940	3	2	C	A
chr2	106144637	4	2	G	A
chr2	106403995	3	2	G	A
chr2	109570170	2	2	G	A
chr2	110952217	3	0	T	N
chr2	111757308	2	2	G	A
chr2	112610374	2	2	A	G
chr2	113549119	2	2	A	G
chr2	114226948	2	2	C	A
chr2	115628484	2	2	T	A
chr2	117693094	5	2	T	C
chr2	117717657	2	2	T	C
chr2	119467857	2	2	C	T
chr2	120269738	2	2	A	C
chr2	122080896	2	2	G	C
chr2	122156895	3	2	C	T
chr2	124445143	3	2	T	C
chr2	127234481	3	2	T	A
chr2	128731342	5	0	T	N
chr2	128731456	3	2	T	C
chr2	129911463	2	2	A	T
chr2	130149619	2	2	G	A
chr2	130914710	3	2	T	A
chr2	131258168	4	2	G	A
chr2	131258174	4	2	C	T
chr2	131404827	3	2	C	G
chr2	131918877	4	2	G	T
chr2	131918882	4	2	T	G
chr2	135796492	2	2	G	A
chr2	138436864	3	2	G	T
chr2	138530678	4	2	G	T
chr2	138530722	3	2	G	T
chr2	138924666	2	2	A	G
chr2	141606048	4	2	G	C
chr2	142439464	2	2	A	G
chr2	143168608	3	2	C	T
chr2	143171292	5	2	C	T
chr2	143658866	3	2	G	C
chr2	146807215	2	2	A	T
chr2	147582476	2	2	C	T
chr2	147779568	6	5	A	G
chr2	147779578	8	5	A	G
chr2	147779703	14	2	A	C
chr2	147779744	12	3	G	A
chr2	147948187	2	4	G	T
chr2	148036315	2	2	C	A
chr2	149462485	2	0	T	N
chr2	150638550	3	3	T	C
chr2	152996339	2	2	C	A
chr2	152996342	2	2	C	G
chr2	153387445	2	2	A	G
chr2	154382068	3	2	T	G
chr2	155182337	2	2	G	T
chr2	155602499	3	2	G	A
chr2	156517999	2	2	G	T
chr2	156561406	3	2	G	A
chr2	157237217	2	2	A	C
chr2	157254210	2	2	G	C
chr2	158038457	2	2	G	T
chr2	159211338	2	2	C	A
chr2	159445025	2	2	A	T
chr2	160611326	3	2	A	G
chr2	161180481	2	2	A	G
chr2	162574467	4	2	G	T
chr2	163033953	2	2	G	A
chr2	163177429	2	2	C	T
chr2	163565337	3	2	C	T
chr2	163992128	2	2	G	T
chr2	164068166	2	2	T	C
chr2	164189970	4	2	T	C
chr2	164762539	2	1	T	G
chr2	166550664	2	2	T	C
chr2	166550670	2	2	A	G
chr2	168103407	2	2	C	A
chr2	169048932	2	2	G	T
chr2	170579522	3	2	C	A
chr2	170872375	3	2	G	A
chr2	172113154	3	2	C	T
chr2	173519932	2	2	A	G
chr2	174703151	2	2	A	G
chr2	174703177	2	2	G	T
chr2	175272187	3	2	A	T
chr2	177718042	4	0	T	N
chr2	179073288	2	2	G	T
chr2	180536688	2	3	T	C
chr2	180732735	2	2	T	C
chr2	180732789	3	2	G	C
chr2	180732799	3	2	C	T
chr2	181240400	2	2	A	T
chr2	182633258	4	2	G	C
chr2	183358217	3	2	G	A
chr2	183570909	2	2	A	T
chr2	183973578	4	2	T	C
chr2	185272680	4	2	G	A
chr2	185430667	2	4	A	G
chr2	185430679	5	2	G	A
chr2	185430681	4	2	C	T
chr2	185430690	3	4	C	A
chr2	185430732	4	9	C	T
chr2	185430753	6	6	T	C
chr2	185430754	6	7	G	A
chr2	185430783	7	9	C	T
chr2	185430809	6	7	C	T
chr2	185430990	7	3	G	A
chr2	185431002	7	3	C	G
chr2	185786465	3	2	C	T
chr2	190811347	2	2	A	T
chr2	191712873	2	2	G	A
chr2	191809270	3	2	C	T
chr2	192625252	2	2	C	A
chr2	193255817	3	2	C	T
chr2	195043026	2	1	A	G
chr2	196315195	3	1	A	G
chr2	196315246	2	1	A	G
chr2	196340522	5	2	A	G
chr2	196350764	4	3	T	A
chr2	196350856	3	2	C	T
chr2	196350951	2	1	G	A
chr2	198076053	2	2	G	A
chr2	199138040	3	1	T	C
chr2	200263942	2	2	T	C
chr2	201444345	3	2	C	G
chr2	202959046	2	2	G	T
chr2	203167735	2	2	C	G
chr2	204104245	5	2	C	G
chr2	204104248	4	4	G	A
chr2	204104310	11	11	G	A
chr2	204104323	10	12	A	G
chr2	204104367	4	13	C	T
chr2	204104386	11	9	T	C
chr2	204104619	3	4	A	G
chr2	204104628	5	2	T	C
chr2	204105099	2	3	G	A
chr2	204105261	1	6	T	C
chr2	204246253	3	2	T	C
chr2	204246339	2	4	T	C
chr2	206092940	2	2	A	G
chr2	206385401	2	2	G	A
chr2	206788039	2	2	C	A
chr2	207534416	3	2	T	C
chr2	208295344	2	2	A	G
chr2	208656361	2	1	C	T
chr2	208943846	2	2	G	C
chr2	208943850	2	2	C	T
chr2	209290676	2	2	T	C
chr2	210171158	3	2	G	A
chr2	210171164	3	2	A	G
chr2	211479570	2	1	T	C
chr2	211767106	2	1	T	C
chr2	211767109	3	0	T	N
chr2	212226101	4	2	G	C
chr2	212226185	3	3	C	T
chr2	213423967	2	0	T	N
chr2	213826744	1	2	C	T
chr2	214239665	2	2	C	G
chr2	215384946	2	2	A	G
chr2	216381006	2	2	A	G
chr2	218027851	2	1	C	T
chr2	218027880	2	1	T	G
chr2	218794601	2	2	T	C
chr2	219692772	2	2	T	A
chr2	220918827	3	1	A	G
chr2	221263708	2	2	A	G
chr2	223064589	2	1	T	C
chr2	223850089	2	2	G	A
chr2	223909207	2	2	G	A
chr2	224336321	2	2	C	A
chr2	225393119	2	2	A	C
chr2	225510688	3	2	G	A
chr2	225888092	2	2	G	A
chr2	226180373	2	2	C	G
chr2	226321053	4	2	C	T
chr2	227668947	3	2	T	C
chr2	227675025	1	2	A	G
chr2	228600843	3	1	C	T
chr2	229211216	2	2	A	G
chr2	229232287	2	2	T	A
chr2	229234397	4	1	C	T
chr2	229722226	2	0	A	N
chr2	229839409	2	3	C	G
chr2	229841405	2	1	T	A
chr2	229841439	2	2	C	A
chr2	230855387	2	2	G	C
chr2	230855403	2	2	T	C
chr2	232391494	4	2	C	T
chr2	232580684	3	2	C	T
chr2	236688264	2	2	C	A
chr2	237554420	4	2	C	T
chr2	237554430	4	2	A	G
chr2	237704745	2	2	A	C
chr2	238101032	3	0	A	N
chr2	238179808	2	2	T	C
chr2	238598041	3	2	T	C
chr2	240247107	2	2	C	A
chr2	240659117	3	2	C	T
chr2	240984764	2	2	A	T
chr2	241138808	2	2	A	T
chr2	241354812	2	2	C	T
chr2	241354816	2	2	C	T
chr2	241710653	2	2	A	G
chr2	242696420	2	2	C	G
chr2	243111677	2	2	C	A
chr3	293287	4	3	C	T
chr3	293322	3	4	G	A
chr3	293370	3	1	A	G
chr3	1059299	2	1	C	A
chr3	3753511	2	1	C	T
chr3	4837518	2	2	C	A
chr3	5500564	2	3	T	C
chr3	6003692	3	2	T	C
chr3	7495822	3	2	C	T
chr3	8155788	3	2	A	G
chr3	9130912	2	1	A	G
chr3	9284418	2	2	C	A
chr3	9284443	2	3	T	G
chr3	9437136	2	2	A	G
chr3	9584237	4	2	G	A
chr3	9702541	3	3	C	T
chr3	9881723	2	2	T	C
chr3	9881775	3	2	C	T
chr3	10008704	2	2	C	T
chr3	10039076	2	2	A	G
chr3	10577878	2	2	A	T
chr3	10577896	2	2	G	A
chr3	11628967	2	2	T	C
chr3	13149835	7	3	C	T
chr3	14760970	2	2	T	A
chr3	15903151	2	2	C	T
chr3	16022948	3	2	A	G
chr3	16028407	2	2	C	G
chr3	16485141	2	2	G	C
chr3	16485154	2	2	C	T
chr3	16485173	2	2	G	A
chr3	19451543	1	2	A	G
chr3	19451581	3	2	G	A
chr3	19451651	3	2	C	T
chr3	19451682	3	3	C	T
chr3	20436665	2	2	G	T
chr3	20816602	4	4	G	A
chr3	20816660	4	6	C	T
chr3	20816666	4	6	C	A
chr3	20972907	4	1	C	T
chr3	20972921	4	1	C	T
chr3	24164133	2	2	A	C
chr3	25028362	4	2	G	A
chr3	26790437	3	0	G	N
chr3	26790443	4	0	A	N
chr3	26960499	2	2	A	G
chr3	27345332	2	2	A	G
chr3	29287688	2	2	G	A
chr3	30330346	2	2	T	A
chr3	32359983	2	2	C	T
chr3	32516006	3	2	A	T
chr3	36713841	2	2	A	G
chr3	37118327	2	2	A	C
chr3	38074271	2	1	A	C
chr3	38782446	2	2	G	C
chr3	39779588	2	2	T	C
chr3	39976878	4	2	C	G
chr3	39980882	2	2	C	T
chr3	40531981	0	3	T	G
chr3	44021192	3	2	C	A
chr3	44761765	4	0	T	N
chr3	45371470	2	2	C	T
chr3	45590919	2	2	G	A
chr3	46949068	3	0	T	N
chr3	47393377	3	3	T	C
chr3	47402919	0	4	T	A
chr3	47402923	2	2	C	T
chr3	47484750	2	2	C	T
chr3	48619095	3	2	G	T
chr3	49863171	3	2	G	A
chr3	50911879	2	2	T	G
chr3	51137764	2	2	A	G
chr3	52554759	2	1	T	C
chr3	52936982	2	2	C	T
chr3	53768395	2	2	C	A
chr3	54327177	2	2	T	C
chr3	54740327	2	2	C	A
chr3	54754827	2	2	T	C
chr3	55689813	2	2	T	C
chr3	56348994	2	2	A	T
chr3	56405683	3	2	C	G
chr3	56519384	3	2	C	T
chr3	57177051	2	2	T	C
chr3	57926156	2	2	G	C
chr3	59464889	2	2	C	T
chr3	59464908	2	2	A	G
chr3	60072314	4	2	A	G
chr3	60715612	1	2	G	A
chr3	61476988	2	2	G	A
chr3	61521496	3	2	G	T
chr3	61913255	3	1	A	G
chr3	62946365	4	2	A	T
chr3	62978667	3	2	C	T
chr3	63887901	2	2	G	T
chr3	64557185	4	2	G	A
chr3	65765973	4	2	G	T
chr3	66145618	2	2	C	A
chr3	67145575	2	2	C	A
chr3	67565284	3	2	C	T
chr3	67565304	3	2	G	A
chr3	69303908	2	2	G	A
chr3	69303916	2	2	A	G
chr3	69303928	2	2	A	G
chr3	69997466	2	2	G	A
chr3	70901068	2	1	A	G
chr3	71535527	3	3	C	T
chr3	71535564	3	3	T	G
chr3	72870937	4	0	T	N
chr3	72870945	5	0	T	N
chr3	73270141	4	2	G	T
chr3	73616940	3	2	C	T
chr3	76100635	2	1	C	T
chr3	76728551	2	2	T	C
chr3	77386552	6	2	T	G
chr3	78711546	4	1	G	T
chr3	79281578	2	2	T	C
chr3	80476519	2	2	C	A
chr3	80807779	3	2	G	A
chr3	81815020	3	2	G	T
chr3	81916910	3	2	T	C
chr3	82381959	3	2	C	T
chr3	82552461	2	2	G	C
chr3	82798070	2	2	C	T
chr3	83838818	4	2	C	G
chr3	84342489	2	2	T	C
chr3	87685005	1	2	G	T
chr3	88555371	2	1	A	G
chr3	91283991	5	2	G	C
chr3	91696563	2	2	T	G
chr3	94439731	2	2	A	G
chr3	94916078	2	2	C	T
chr3	95239330	2	2	C	T
chr3	96218040	2	2	C	A
chr3	96533913	2	2	T	C
chr3	97230001	2	2	C	G
chr3	98511645	3	2	A	G
chr3	99475609	4	1	A	G
chr3	100198519	2	2	G	T
chr3	100265593	2	1	A	G
chr3	101620691	2	2	T	C
chr3	102795048	3	2	T	C
chr3	104061609	4	2	G	A
chr3	104594473	2	2	A	G
chr3	105859630	4	2	C	G
chr3	106241512	3	2	C	T
chr3	106523138	4	2	C	T
chr3	107257885	2	2	T	C
chr3	107280994	4	2	G	A
chr3	108498212	2	2	G	A
chr3	108740906	2	2	T	A
chr3	109213794	3	2	G	A
chr3	110336847	2	2	A	G
chr3	110482558	2	2	T	A
chr3	111603915	2	2	G	A
chr3	111810819	2	2	A	T
chr3	112447824	2	1	A	G
chr3	114162515	2	3	T	A
chr3	114354312	2	2	C	T
chr3	114552662	2	2	A	G
chr3	114803751	2	2	A	G
chr3	116327961	3	2	A	T
chr3	117771869	2	2	G	T
chr3	118027995	2	2	G	A
chr3	118411905	2	2	T	G
chr3	119104842	2	2	T	A
chr3	119329814	2	2	T	A
chr3	120186127	2	2	G	T
chr3	120534481	2	2	T	A
chr3	120534544	2	2	G	A
chr3	121423875	4	2	G	C
chr3	121500829	3	2	T	C
chr3	122126424	2	2	C	T
chr3	123068940	2	0	A	N
chr3	123651547	3	2	G	A
chr3	125099358	3	1	G	C
chr3	127230441	2	4	G	T
chr3	127967347	2	2	C	T
chr3	129165914	2	2	A	C
chr3	132745287	2	2	T	A
chr3	133324241	2	2	C	T
chr3	136491808	2	2	T	A
chr3	136727239	2	2	G	A
chr3	137320825	2	2	C	T
chr3	140174029	2	2	A	G
chr3	143278527	2	2	C	G
chr3	145748936	2	3	T	C
chr3	146620218	2	2	T	G
chr3	148209829	3	2	C	T
chr3	148929082	2	2	C	T
chr3	153935164	2	1	G	A
chr3	156696612	2	2	A	G
chr3	157581609	1	1	T	C
chr3	157822575	3	2	G	A
chr3	159285933	3	2	G	A
chr3	159286045	2	2	C	T
chr3	159286076	3	3	G	A
chr3	159286094	4	3	A	G
chr3	159286100	6	4	G	A
chr3	159286113	6	4	C	T
chr3	159286169	4	5	T	C
chr3	163778999	3	2	A	C
chr3	164485231	4	2	T	A
chr3	167836782	2	2	C	T
chr3	167903851	2	2	C	T
chr3	175092031	2	2	A	G
chr3	177251075	2	2	C	T
chr3	179052618	2	3	A	G
chr3	179833582	2	1	G	A
chr3	181372080	2	1	C	T
chr3	182232327	2	1	C	T
chr3	182232331	2	2	G	A
chr3	184490932	2	2	C	A
chr3	186293639	2	2	G	A
chr3	186545025	4	2	G	T
chr3	186680411	2	4	T	C
chr3	186908219	2	1	C	T
chr3	186936983	3	2	G	T
chr3	191356968	2	5	C	T
chr3	192558668	2	2	C	A
chr3	196577848	1	1	A	G
chr3	196577900	9	4	G	A
chr3	196578143	11	3	G	T
chr3	196587718	3	0	T	N
chr3	196587722	2	1	G	A
chr3	197634444	0	1	C	T
chr3	197634446	0	1	A	G
chr3	198109540	2	2	T	C
chr3	198109542	0	4	A	C
chr3	198143282	2	4	A	G
chr3	198199483	2	2	G	A
chr3	199132070	3	2	G	T
chr3	199140461	2	2	G	A
chr3	201846485	2	2	C	T
chr3	201846489	2	2	T	C
chr3	201846496	2	2	T	A
chr3	201846500	2	2	C	T
chr3	202753702	2	2	T	G
chr3	202753704	2	2	C	A
chr3	202753723	2	2	C	T
chr3	202753728	2	3	C	T
chr3	202753733	2	3	C	T
chr3	204483571	2	2	A	C
chr3	204483575	2	2	G	C
chr3	205681566	4	0	C	N
chr3	205681570	4	0	C	N
chr3	205681574	4	0	T	N
chr3	205681575	4	0	A	N
chr3	206542729	0	3	C	T
chr3	206542750	2	1	C	T
chr3	206946143	38	10	G	A
chr3	206946186	42	15	T	C
chr3	206992086	2	2	G	A
chr3	211002022	4	2	A	G
chr3	216534107	2	3	T	C
chr3	218139116	4	0	G	N
chr3	218139119	3	0	A	N
chr3	218139120	4	0	C	N
chr3	218139122	4	0	G	N
chr3	218139123	4	0	T	N
chr3	218139124	4	0	A	N
chr3	218139127	4	0	A	N
chr3	218139128	4	0	T	N
chr3	218139130	4	0	C	N
chr3	218139131	4	0	C	N
chr3	218399113	2	4	T	C
chr3	218399115	2	4	G	C
chr3	218399120	2	4	T	C
chr3	218399125	5	2	G	A
chr3	218399127	2	5	C	G
chr3	218648331	2	3	C	T
chr3	218648384	2	2	G	A
chr3	220819428	2	3	G	T
chr3	220819446	2	3	C	T
chr3	222677495	3	2	G	A
chr3	222908904	2	1	C	T
chr3	223474858	2	2	T	G
chr3	223474862	2	3	C	T
chr3	223474911	2	2	G	C
chr3	223474951	2	2	C	A
chr3	227514902	2	2	C	G
chr3	228322964	2	2	C	T
chr3	228634580	2	2	A	G
chr3	228634596	2	3	A	G
chr3	229258651	3	2	G	A
chr3	229459792	2	2	C	G
chr3	229899049	3	2	G	A
chr3	229899913	2	4	A	C
chr3	231460499	2	2	C	T
chr3	232014053	10	4	C	T
chr3	232015137	1	2	A	G
chr3	232015225	5	2	G	A
chr3	232015327	3	3	G	A
chr3	232015330	3	4	C	T
chr3	232015438	6	3	A	C
chr3	232015444	6	3	G	A
chr3	232015512	3	5	C	T
chr3	232095731	3	1	T	C
chr3	232095737	2	2	A	G
chr3	234372511	2	2	C	T
chr3	234372515	2	2	A	G
chr3	234374879	4	7	T	C
chr3	235454137	2	1	T	C
chr3	235706072	3	0	A	N
chr3	235706076	3	0	G	N
chr3	235706078	3	0	G	N
chr3	235706129	3	0	T	N
chr3	235706130	3	0	C	N
chr3	236139485	4	2	G	T
chr3	237649119	3	2	C	T
chr4	358405	2	2	T	G
chr4	960943	2	2	G	A
chr4	1418473	2	0	T	N
chr4	1849837	3	2	G	A
chr4	1944526	4	2	T	C
chr4	3623625	2	1	C	T
chr4	4465001	4	2	T	C
chr4	5579364	3	2	C	A
chr4	5872280	2	2	C	T
chr4	5914402	2	2	A	G
chr4	6261482	2	2	T	A
chr4	7056693	2	2	A	G
chr4	7561197	2	2	T	G
chr4	7743375	2	2	A	T
chr4	9161395	4	2	A	C
chr4	9440081	2	2	A	T
chr4	10541613	2	2	G	A
chr4	11225947	2	2	T	C
chr4	12775684	2	2	C	T
chr4	14787780	2	3	T	C
chr4	14787784	2	3	A	C
chr4	14787795	2	3	C	T
chr4	20189760	2	2	G	A
chr4	21053572	4	2	T	A
chr4	21232180	2	0	G	N
chr4	21755703	2	2	G	A
chr4	22116421	4	0	T	N
chr4	23120192	3	2	A	G
chr4	23954343	2	2	T	A
chr4	24357252	2	2	G	T
chr4	25290513	4	1	T	C
chr4	25290631	7	1	A	G
chr4	25290636	7	1	A	G
chr4	25343229	2	2	G	C
chr4	27076727	2	2	C	A
chr4	27700243	3	2	C	T
chr4	28236951	2	1	G	A
chr4	28317104	2	2	C	T
chr4	28638214	3	5	C	T
chr4	29700523	2	2	C	T
chr4	30505913	4	2	C	T
chr4	31036291	2	2	A	G
chr4	31201768	2	2	C	A
chr4	32517354	4	2	A	G
chr4	35367565	3	2	C	A
chr4	35777522	2	2	A	G
chr4	36182617	3	2	A	T
chr4	38784428	2	2	A	T
chr4	40559801	2	3	A	T
chr4	40595501	2	2	T	A
chr4	41303326	3	2	T	G
chr4	42997305	3	2	G	A
chr4	45373448	5	2	G	A
chr4	45777785	2	3	C	A
chr4	45777857	2	2	T	A
chr4	45780135	3	2	C	A
chr4	46644232	4	2	G	C
chr4	46915156	2	2	G	A
chr4	47292264	2	2	G	T
chr4	47292358	3	2	G	A
chr4	47765448	3	2	C	A
chr4	49649365	3	2	A	T
chr4	50466528	3	2	A	C
chr4	52297658	2	2	T	C
chr4	52464270	2	2	T	G
chr4	53425479	2	2	T	C
chr4	55570238	2	2	C	T
chr4	57397185	2	2	T	C
chr4	57489045	3	2	T	A
chr4	57946066	3	2	G	A
chr4	58117946	2	0	A	N
chr4	58349428	2	2	T	C
chr4	59301464	2	3	G	A
chr4	59301493	2	3	G	T
chr4	60127491	2	2	C	G
chr4	61571890	2	2	T	A
chr4	61591832	3	2	C	G
chr4	61591862	3	3	G	A
chr4	61591863	3	3	G	T
chr4	62057195	2	2	A	T
chr4	62057197	2	2	G	C
chr4	62057198	2	2	G	C
chr4	62057200	2	2	A	T
chr4	62057204	2	2	A	G
chr4	63943131	5	2	T	G
chr4	65841507	8	4	G	A
chr4	66942064	2	2	C	T
chr4	67007362	4	2	G	A
chr4	67843252	2	2	T	C
chr4	67988861	3	2	A	G
chr4	68627025	2	2	G	C
chr4	68627040	3	3	C	T
chr4	68627081	2	2	T	A
chr4	69612961	2	2	A	T
chr4	71750444	2	2	C	T
chr4	72111788	2	2	G	A
chr4	72232311	3	2	C	T
chr4	72328645	2	2	A	T
chr4	72792996	2	2	A	G
chr4	72846571	5	2	C	T
chr4	73366830	2	2	T	G
chr4	74380810	4	2	C	T
chr4	75166188	2	2	C	A
chr4	75616905	2	2	T	A
chr4	75864684	2	0	A	N
chr4	76495934	2	2	G	A
chr4	76693404	2	2	C	T
chr4	77077012	2	2	T	A
chr4	77410124	2	2	T	C
chr4	77410134	3	2	G	A
chr4	78304162	2	2	A	G
chr4	78529004	5	2	T	C
chr4	79197176	3	2	C	A
chr4	79209450	2	2	C	A
chr4	81767184	3	2	C	T
chr4	82529459	2	2	G	A
chr4	82694617	2	1	A	T
chr4	84141742	2	2	G	T
chr4	84909011	2	2	C	A
chr4	85118586	3	3	T	C
chr4	87917324	2	2	G	A
chr4	88414798	2	2	A	G
chr4	88547003	3	2	C	A
chr4	92008126	3	5	T	A
chr4	92008128	3	5	T	A
chr4	92008152	2	6	G	A
chr4	92008739	3	2	T	C
chr4	92016641	2	2	G	T
chr4	92033102	3	2	C	T
chr4	92690325	3	2	G	A
chr4	92833993	2	2	G	A
chr4	93395442	2	2	A	T
chr4	97008949	3	2	T	C
chr4	97008951	3	2	G	T
chr4	99668653	3	2	A	C
chr4	99953777	2	2	A	T
chr4	100062677	2	2	C	A
chr4	100341082	3	2	G	T
chr4	101334543	2	2	T	A
chr4	101345863	2	2	G	C
chr4	101615815	2	2	G	C
chr4	101897863	2	2	A	T
chr4	102404709	2	2	C	G
chr4	102404730	2	2	T	C
chr4	103888466	2	2	G	A
chr4	105274913	2	2	A	T
chr4	105774638	2	2	G	T
chr4	105926641	2	2	C	T
chr4	106503920	2	2	A	C
chr4	106976871	2	2	G	A
chr4	107559880	1	0	C	N
chr4	108456377	2	2	C	T
chr4	110058024	2	2	A	G
chr4	110793717	2	2	G	A
chr4	113081974	2	2	G	C
chr4	113637598	2	2	T	A
chr4	113827014	2	2	G	A
chr4	114272752	2	2	T	A
chr4	114310896	2	2	G	A
chr4	114592803	4	2	C	G
chr4	117281671	4	2	C	G
chr4	118856341	5	2	T	G
chr4	119388303	2	2	G	T
chr4	119507837	3	2	G	A
chr4	119908049	2	2	C	T
chr4	120944914	2	2	G	A
chr4	121492248	2	0	T	N
chr4	121614918	2	2	A	G
chr4	122396916	2	2	C	G
chr4	122744072	4	3	G	A
chr4	122841137	2	2	G	T
chr4	123148264	2	2	G	C
chr4	123478647	2	2	G	T
chr4	124631755	2	2	G	A
chr4	125616004	3	0	C	N
chr4	126705776	2	2	G	A
chr4	127100380	2	2	C	T
chr4	127932552	3	2	G	T
chr4	128806235	2	2	C	T
chr4	132650106	1	1	A	G
chr4	132650107	2	0	C	N
chr4	132868972	2	2	C	A
chr4	133186762	3	2	T	C
chr4	133737863	2	2	C	T
chr4	135076772	3	2	G	A
chr4	137238638	2	2	A	C
chr4	139200820	2	0	C	N
chr4	140155793	2	2	G	C
chr4	140155835	2	2	C	G
chr4	140155839	2	2	G	A
chr4	140456295	2	2	C	T
chr4	141444400	3	2	C	A
chr4	142466972	2	2	C	G
chr4	143872572	2	0	A	N
chr4	144124929	4	2	C	A
chr4	144522097	2	2	A	T
chr4	144738518	3	2	G	C
chr4	145111907	2	2	A	C
chr4	145681559	2	2	A	G
chr4	147131855	4	2	A	G
chr4	147440929	3	0	A	N
chr4	148764540	2	2	G	A
chr4	148912588	2	2	C	T
chr4	149777593	2	2	T	C
chr4	149819893	2	2	T	G
chr4	149819902	2	2	A	C
chr4	151684175	2	2	G	A
chr4	152301376	2	2	C	T
chr4	154219589	2	2	C	T
chr4	155044236	2	2	T	C
chr4	157596082	3	2	C	G
chr4	158497748	2	2	G	A
chr4	159532298	3	2	G	T
chr4	162124065	2	2	A	C
chr4	163931751	2	2	A	T
chr4	163931754	2	2	G	A
chr4	165609073	2	2	T	C
chr4	165619266	2	2	G	A
chr4	166208079	4	2	C	T
chr4	168378279	4	2	G	A
chr4	169156735	3	2	T	G
chr4	169156830	3	2	C	G
chr4	169496863	4	2	A	G
chr4	170016866	2	2	T	G
chr4	172057839	2	2	G	C
chr4	172057860	2	2	G	A
chr4	172057900	2	2	A	G
chr4	173898455	2	2	G	A
chr4	174674556	2	2	T	C
chr4	175135363	2	2	G	A
chr4	176195596	3	2	G	T
chr4	176939831	2	2	T	G
chr4	177078812	4	2	A	G
chr4	177092992	2	2	G	A
chr4	177836731	9	2	T	C
chr4	177836756	7	4	C	T
chr4	179002919	2	2	G	A
chr4	179003003	2	2	T	C
chr4	179264215	4	2	T	A
chr4	179334103	2	2	A	T
chr4	182380655	2	2	G	A
chr4	182380722	2	2	C	G
chr4	182977280	2	2	T	C
chr4	184495104	2	2	G	T
chr4	186500838	2	2	T	C
chr4	186640225	2	2	G	A
chr4	187160270	2	2	C	T
chr4	188683611	2	2	C	T
chr4	189294982	2	1	T	C
chr4	190513075	1	1	T	C
chr4	192926040	2	2	G	A
chr4	193844815	2	2	T	A
chr4	194760531	2	2	T	C
chr4	197304551	2	2	C	G
chr4	198736575	2	2	C	T
chr4	198758483	2	2	A	G
chr4	200200876	4	2	A	C
chr4	201107387	2	2	A	G
chr4	201144580	2	2	T	A
chr4	202394651	2	2	T	A
chr4	202870295	3	2	C	T
chr4	203536104	3	2	T	G
chr4	203939889	2	2	A	G
chr4	204105554	3	2	C	G
chr4	204322453	2	2	T	A
chr4	206730000	2	2	C	T
chr4	207425208	4	0	T	N
chr4	207488704	2	2	T	A
chr4	207825617	2	2	C	T
chr4	208679291	2	2	C	G
chr4	208867975	4	0	A	N
chr4	210330503	3	2	C	A
chr4	211758940	3	2	G	T
chr4	212051519	4	2	A	G
chr4	213474610	2	2	C	T
chr4	214191786	2	2	A	G
chr4	214770771	2	2	T	C
chr4	215399445	3	2	G	A
chr4	218871826	2	2	T	G
chr4	219060282	4	2	G	A
chr4	219149088	2	1	G	A
chr4	220407842	3	1	T	C
chr4	225159243	2	2	A	G
chr4	225417120	2	1	A	G
chr4	225612518	2	2	C	A
chr4	226803132	2	2	T	A
chr4	226976447	2	2	G	A
chr4	227457365	2	2	T	C
chr4	227459472	2	1	A	G
chr4	228428825	3	2	C	A
chr4	229186210	2	1	G	C
chr4	229606917	2	2	C	T
chr4	230189931	1	2	G	A
chr4	231167332	3	2	G	T
chr4	231247786	3	2	G	A
chr4	231540667	2	2	C	G
chr4	232428534	2	2	A	G
chr4	234832640	2	2	C	G
chr4	235269204	2	2	A	G
chr4	238154534	3	2	G	A
chr4	238154576	2	2	C	T
chr4	238839151	2	2	A	G
chr4	239283579	6	0	A	N
chr4	240170976	3	2	T	C
chr4	240501789	2	2	C	T
chr4	243553891	2	1	T	C
chr4	245178617	3	2	A	G
chr4	248237962	4	2	T	A
chr4	248613364	1	2	A	G
chr4	248646316	3	2	G	A
chr4	250328283	3	2	G	T
chr4	250328601	4	1	T	G
chr5	66720	1	0	C	N
chr5	1494545	2	1	G	A
chr5	2646630	3	2	A	G
chr5	2646672	3	2	T	G
chr5	2739698	2	2	A	T
chr5	6262219	2	2	C	T
chr5	6739161	2	2	C	G
chr5	6909126	2	2	G	T
chr5	7497430	2	3	C	G
chr5	7672816	2	2	G	T
chr5	8338261	3	2	T	C
chr5	8338268	3	2	C	T
chr5	8338309	2	2	A	G
chr5	10329767	4	2	A	T
chr5	12524150	2	1	C	T
chr5	12858820	2	2	C	T
chr5	13182727	2	2	A	G
chr5	13257012	2	2	A	G
chr5	13257277	2	0	G	N
chr5	15255842	4	2	C	T
chr5	16287886	3	2	C	T
chr5	16425992	2	2	C	T
chr5	17015889	2	2	A	G
chr5	17015916	2	2	C	A
chr5	17015931	2	2	A	T
chr5	19097095	3	2	T	A
chr5	20191926	3	2	T	C
chr5	20611098	3	2	C	A
chr5	21386684	2	1	G	A
chr5	22128018	2	0	T	N
chr5	24020020	2	2	A	T
chr5	26554983	2	2	G	A
chr5	27108889	2	2	C	T
chr5	27868920	4	2	G	T
chr5	29830522	4	2	G	A
chr5	31890695	2	2	A	C
chr5	32283517	2	2	A	G
chr5	34327160	2	3	C	T
chr5	34610671	2	2	C	A
chr5	37705768	2	2	A	C
chr5	37911085	4	2	C	A
chr5	38430834	2	2	A	G
chr5	38430897	3	2	G	T
chr5	38576159	2	2	T	C
chr5	39343844	2	2	A	G
chr5	39433632	3	2	A	G
chr5	39448569	2	2	A	G
chr5	39636426	4	2	C	G
chr5	42827463	3	0	G	N
chr5	42827539	3	0	G	N
chr5	42827573	2	0	C	N
chr5	44046979	2	2	A	T
chr5	44160284	2	2	C	T
chr5	44941380	3	2	A	G
chr5	46767531	2	2	A	G
chr5	46878742	2	0	T	N
chr5	46878744	2	0	G	N
chr5	46878811	2	0	G	N
chr5	48157551	2	2	G	A
chr5	48722138	3	2	C	T
chr5	50109490	2	2	T	C
chr5	51555245	2	2	G	A
chr5	52258593	2	2	T	C
chr5	52504612	2	2	C	T
chr5	52739634	2	2	A	G
chr5	54697993	2	2	C	T
chr5	55541755	3	2	T	C
chr5	56581717	2	2	G	A
chr5	57552927	2	2	G	A
chr5	58213662	2	2	T	A
chr5	58962541	5	2	T	C
chr5	60269399	2	2	A	G
chr5	61186745	2	3	A	G
chr5	63050375	3	2	C	A
chr5	63142969	3	2	A	G
chr5	63144063	2	1	A	G
chr5	63144095	2	1	A	G
chr5	63386112	3	2	A	T
chr5	64636471	2	2	C	T
chr5	65469743	2	1	A	G
chr5	67594395	3	0	C	N
chr5	68952775	2	1	T	C
chr5	71863529	2	2	G	A
chr5	72678649	2	1	G	A
chr5	77353285	3	5	A	G
chr5	77353328	3	5	A	G
chr5	77353337	3	5	T	C
chr5	77890655	2	2	T	A
chr5	78474650	2	2	C	A
chr5	78475425	5	2	C	T
chr5	78775960	4	2	T	C
chr5	82184349	2	2	G	A
chr5	82222333	4	2	G	A
chr5	84086786	2	2	G	A
chr5	85096532	3	2	C	T
chr5	85096650	3	2	T	A
chr5	85562426	3	2	C	G
chr5	86268585	2	2	G	C
chr5	87990386	2	2	G	A
chr5	88594610	2	2	C	T
chr5	89082315	3	0	A	N
chr5	90956780	3	2	G	T
chr5	91181729	2	2	C	T
chr5	91183976	1	2	G	T
chr5	91339770	2	2	T	C
chr5	91993412	2	2	T	C
chr5	92296586	2	1	A	G
chr5	92435513	3	2	G	C
chr5	92904915	2	2	C	T
chr5	93039591	3	2	A	T
chr5	93140026	2	0	C	N
chr5	93140027	2	0	A	N
chr5	93140056	3	2	A	C
chr5	93140061	3	1	C	T
chr5	93140065	3	2	A	G
chr5	93140115	4	1	C	A
chr5	93363478	2	2	C	G
chr5	93687540	4	2	A	G
chr5	94621154	4	2	A	G
chr5	95692445	2	2	C	T
chr5	98087040	2	2	C	A
chr5	98149702	2	0	T	N
chr5	98847187	2	2	G	A
chr5	99231492	2	2	G	A
chr5	99744270	4	2	C	T
chr5	100128332	2	2	T	A
chr5	102084370	3	2	C	A
chr5	105102746	3	2	A	T
chr5	107559595	2	2	A	G
chr5	110169478	3	2	A	G
chr5	110169485	4	2	G	A
chr5	110886143	2	2	T	C
chr5	111226988	4	2	G	T
chr5	111546283	2	2	T	A
chr5	112114678	2	2	T	A
chr5	112115403	2	0	T	N
chr5	112758442	2	2	C	G
chr5	113410161	3	2	C	A
chr5	113696111	3	2	C	A
chr5	115160447	3	2	C	T
chr5	115424147	3	2	T	A
chr5	115659741	2	2	T	A
chr5	116555604	2	2	G	A
chr5	116691302	2	0	G	N
chr5	116691306	2	0	T	N
chr5	117221983	2	2	T	C
chr5	119132811	4	3	C	G
chr5	119635373	3	2	G	A
chr5	121316610	4	2	G	T
chr5	122423887	2	2	C	T
chr5	122495916	2	2	A	G
chr5	122717883	2	1	A	G
chr5	122717934	1	1	C	T
chr5	122718000	2	2	T	C
chr5	122718014	1	2	G	A
chr5	123199635	4	0	C	N
chr5	124035286	2	2	A	C
chr5	124275583	2	2	T	C
chr5	124436537	2	0	A	N
chr5	124533074	3	2	G	A
chr5	127562760	2	2	G	A
chr5	127771361	3	1	T	A
chr5	127771449	2	2	T	C
chr5	128606008	2	2	A	T
chr5	128716288	3	2	G	A
chr5	128853007	2	2	T	C
chr5	130343085	2	0	A	N
chr5	131214860	3	2	A	G
chr5	131214928	3	2	T	A
chr5	131549158	2	2	T	G
chr5	131993876	3	2	C	T
chr5	132219545	2	2	G	C
chr5	132384965	5	2	G	T
chr5	132507227	3	2	C	G
chr5	133269329	2	2	G	T
chr5	133420194	2	2	A	T
chr5	133420209	2	2	G	A
chr5	133444577	2	2	C	T
chr5	133456334	2	2	C	T
chr5	133535170	2	2	T	C
chr5	134183584	5	2	T	A
chr5	134461205	2	2	C	T
chr5	135771040	2	2	A	C
chr5	135911838	2	0	C	N
chr5	137067742	2	2	C	T
chr5	138502064	2	2	T	A
chr5	138677322	2	2	G	T
chr5	138677328	2	2	T	C
chr5	139623227	4	2	A	T
chr5	140303039	2	2	C	A
chr5	142240204	3	2	A	T
chr5	142338344	5	2	T	C
chr5	143017617	2	2	A	T
chr5	144315878	2	4	G	A
chr5	144315916	2	5	G	A
chr5	144315917	2	5	C	T
chr5	144315991	2	3	A	G
chr5	144315992	2	3	T	C
chr5	144316001	2	3	T	C
chr5	144316012	2	3	A	G
chr5	145831992	2	2	C	A
chr5	145924545	2	2	T	A
chr5	145924550	2	2	A	G
chr5	146127859	2	2	G	T
chr5	146632142	2	2	A	G
chr5	146749279	3	2	G	A
chr5	148023287	3	2	A	G
chr5	148084894	4	3	G	A
chr5	148084895	4	3	G	A
chr5	148084901	4	4	C	T
chr5	148291967	2	2	C	T
chr5	148307814	2	2	T	A
chr5	148307928	3	2	C	T
chr5	149283866	2	2	C	A
chr5	150967743	2	2	C	A
chr5	151582491	2	1	T	C
chr5	151582539	2	1	G	A
chr5	151582607	2	1	G	C
chr5	152293139	3	2	A	T
chr5	152310324	2	2	T	C
chr5	152936557	3	2	C	A
chr5	153026508	2	2	A	C
chr5	153385447	5	1	T	G
chr5	154827394	2	2	G	T
chr5	156193656	3	2	C	T
chr5	156252825	6	2	T	C
chr5	156527892	2	2	G	C
chr5	157286242	4	2	C	A
chr5	157522388	3	2	A	G
chr5	157971936	2	2	G	A
chr5	158333032	4	2	G	A
chr5	158333048	4	2	C	A
chr5	162236333	4	2	G	T
chr5	163404707	2	2	A	G
chr5	164226226	2	2	C	T
chr5	166158935	2	2	A	T
chr5	169731794	3	2	C	T
chr5	173641567	2	2	C	G
chr5	175355650	3	2	C	T
chr5	175355654	3	2	C	T
chr5	175355656	3	2	G	A
chr5	176408647	3	2	A	G
chr5	179154690	4	2	C	A
chr5	179694230	2	2	C	G
chr5	179752083	3	2	T	C
chr5	180223765	2	2	C	G
chr5	180931724	4	2	A	G
chr5	182641288	2	0	A	N
chr5	182641291	2	0	A	N
chr5	182656907	2	2	C	A
chr5	183078865	4	2	T	C
chr5	183079384	3	2	C	A
chr5	183649739	3	2	C	T
chr5	184088677	2	2	C	G
chr5	184134386	2	2	C	A
chr5	184134482	2	2	A	G
chr5	184782877	2	2	G	C
chr5	185656983	2	1	T	C
chr5	185965348	2	0	A	N
chr5	185965359	2	0	A	N
chr5	187287976	2	3	A	T
chr5	187287983	2	3	A	G
chr5	187287994	2	3	C	T
chr5	187288004	4	4	A	G
chr5	187288048	3	5	C	G
chr5	187748200	3	2	T	C
chr5	188894357	3	2	A	T
chr5	189792755	2	2	G	A
chr5	190170505	2	0	C	N
chr5	191240702	3	2	C	A
chr5	191515316	2	2	G	T
chr5	193095123	3	0	A	N
chr5	193095126	3	0	A	N
chr5	195093737	2	2	C	T
chr5	195447912	3	2	T	C
chr5	195607575	3	2	C	A
chr5	196159835	4	2	T	C
chr5	198718434	5	4	A	G
chr5	202365490	2	2	C	G
chr5	203336480	2	3	C	T
chr5	203336482	2	3	T	C
chr5	203376079	3	4	G	A
chr5	203376081	3	4	G	T
chr5	203376095	4	5	C	G
chr5	203376134	4	10	G	A
chr5	203376179	10	1	T	C
chr5	203376181	10	0	G	N
chr5	203427098	2	2	G	T
chr5	203629832	2	2	C	A
chr5	205308685	2	2	A	T
chr5	205378930	2	3	T	C
chr5	205544073	2	2	T	A
chr5	205961561	2	2	A	G
chr5	208975841	3	3	T	A
chr5	208975855	3	1	A	G
chr5	208975862	3	1	A	T
chr5	211959822	2	1	A	C
chr5	213167015	3	2	T	A
chr5	213309867	6	3	G	T
chr5	213309884	6	3	C	T
chr5	214201813	5	1	A	G
chr5	215220476	4	2	G	T
chr5	215254837	2	2	C	A
chr5	217920947	2	2	C	T
chr5	220200299	2	2	C	T
chr5	220798813	3	2	G	C
chr5	224503612	6	0	A	N
chr5	225144837	2	2	A	C
chr5	225273319	2	2	T	C
chr5	226252781	2	2	T	C
chr5	226269640	3	2	C	T
chr5	226351721	3	0	G	N
chr6	5829283	2	2	G	A
chr6	5876361	3	2	A	G
chr6	6999801	2	2	T	A
chr6	7048067	4	2	G	A
chr6	7577326	2	0	G	N
chr6	8871558	2	2	T	G
chr6	8871566	2	2	A	G
chr6	10346722	2	2	C	T
chr6	12435564	2	2	A	G
chr6	12895127	2	2	C	T
chr6	14367185	2	2	G	A
chr6	14426583	2	3	C	A
chr6	14426590	3	3	T	C
chr6	14426603	2	5	A	C
chr6	14426606	4	3	C	A
chr6	14426647	3	2	G	A
chr6	14426657	2	3	T	C
chr6	14426673	3	2	A	G
chr6	14582760	3	3	G	A
chr6	14582762	3	3	T	C
chr6	14582769	3	3	G	A
chr6	14582791	4	3	A	G
chr6	17410384	2	4	T	C
chr6	17410450	11	6	A	G
chr6	17410539	12	7	G	A
chr6	17410589	2	7	A	G
chr6	17410637	5	4	G	A
chr6	17410750	9	0	A	N
chr6	17410751	10	0	G	N
chr6	17410752	7	0	A	N
chr6	17410753	7	3	G	A
chr6	17420034	3	1	A	C
chr6	17913618	3	1	A	G
chr6	17913646	2	2	G	A
chr6	17913651	3	2	C	T
chr6	17913710	6	4	C	T
chr6	17913756	6	5	A	C
chr6	17914876	5	3	G	A
chr6	17914966	7	3	C	G
chr6	18113142	2	3	G	C
chr6	18113345	3	5	C	T
chr6	18113445	11	5	A	G
chr6	18113501	11	3	G	A
chr6	18113504	11	3	C	T
chr6	18113570	14	3	G	A
chr6	18113603	10	4	T	C
chr6	18113726	3	10	C	G
chr6	18113779	11	3	C	T
chr6	18113849	5	8	A	G
chr6	18113919	3	7	C	A
chr6	18113926	3	5	A	C
chr6	18113963	3	13	T	C
chr6	18113964	14	3	C	T
chr6	18113987	2	14	G	T
chr6	18114386	5	1	G	A
chr6	18114401	7	4	C	T
chr6	18114416	5	4	G	A
chr6	18114482	2	6	T	C
chr6	18114570	7	3	G	A
chr6	18114574	7	3	C	T
chr6	18114602	5	6	T	C
chr6	18114657	11	3	T	G
chr6	18114736	11	3	T	C
chr6	18114763	7	5	A	G
chr6	18114878	3	7	T	C
chr6	18114921	6	3	T	C
chr6	18114941	3	5	T	C
chr6	18117638	3	3	A	G
chr6	18181187	1	2	C	T
chr6	18207246	1	1	G	C
chr6	18207314	2	2	C	A
chr6	18381371	5	1	A	G
chr6	18381389	2	5	G	A
chr6	18381394	5	2	G	C
chr6	18381402	2	3	T	C
chr6	18381435	4	3	C	T
chr6	18381461	6	3	A	G
chr6	18381473	3	4	T	A
chr6	18381570	2	2	A	G
chr6	18567054	17	4	G	T
chr6	18567128	9	10	A	C
chr6	18577220	2	2	A	T
chr6	18626687	2	2	T	C
chr6	18960412	2	2	G	A
chr6	18973519	4	2	C	T
chr6	18973558	4	2	A	G
chr6	18984913	1	2	T	A
chr6	18985026	3	2	G	A
chr6	18985115	2	4	G	A
chr6	19317622	9	1	G	A
chr6	19318459	2	2	A	T
chr6	19869524	2	2	A	G
chr6	20431494	5	3	C	T
chr6	20431584	2	3	C	T
chr6	20431597	3	2	T	C
chr6	20431671	6	1	T	C
chr6	20431795	7	4	G	A
chr6	20431920	8	6	T	C
chr6	20432054	3	11	T	C
chr6	20432189	6	4	G	A
chr6	20432379	4	4	T	A
chr6	20432454	5	1	T	C
chr6	20432501	6	2	C	T
chr6	20432935	20	5	T	C
chr6	20433019	17	8	G	T
chr6	20433081	12	1	C	T
chr6	20433092	4	7	T	C
chr6	20433105	7	2	T	C
chr6	20433107	3	6	G	A
chr6	20433108	8	1	T	C
chr6	20433114	4	4	A	G
chr6	20433118	3	4	C	T
chr6	20433127	3	3	C	T
chr6	20433137	3	3	T	C
chr6	20433238	1	0	A	N
chr6	20433254	1	0	A	N
chr6	20434459	30	24	T	C
chr6	20434501	32	12	T	C
chr6	20434546	13	9	A	G
chr6	20434660	12	4	T	C
chr6	20434693	10	7	T	C
chr6	20434705	13	3	A	C
chr6	20434717	6	13	A	G
chr6	20434792	11	4	G	A
chr6	20434867	9	3	C	T
chr6	20435255	3	4	G	A
chr6	20435284	4	4	T	A
chr6	20435410	5	3	G	A
chr6	20435430	4	5	C	T
chr6	20435459	6	6	C	T
chr6	20435467	9	2	T	C
chr6	20435506	8	2	C	T
chr6	20435513	5	4	T	G
chr6	20435533	8	3	C	T
chr6	20435597	11	8	A	G
chr6	20435623	21	5	C	T
chr6	20435644	23	5	C	T
chr6	20435662	18	7	G	T
chr6	20435665	16	9	T	C
chr6	20435671	15	10	T	C
chr6	20435710	22	5	A	G
chr6	20435740	22	7	G	A
chr6	20435756	16	6	G	A
chr6	20435779	15	5	G	A
chr6	20435794	14	5	A	T
chr6	20435853	6	5	C	T
chr6	20435883	7	4	A	T
chr6	20435890	7	4	C	T
chr6	20435897	5	6	A	G
chr6	20435958	8	1	A	G
chr6	20436148	16	5	T	C
chr6	20436150	12	9	A	C
chr6	20436157	15	6	A	G
chr6	20436191	10	9	G	A
chr6	20436202	7	5	A	G
chr6	20436256	6	7	C	T
chr6	20436273	9	4	C	T
chr6	20436275	8	5	T	C
chr6	20436322	14	3	T	C
chr6	20436339	18	8	C	T
chr6	20436362	26	11	T	C
chr6	20436367	23	15	A	T
chr6	20436370	29	10	A	C
chr6	20436379	23	16	A	T
chr6	20436383	24	13	G	A
chr6	20436396	33	6	G	A
chr6	20436411	21	16	C	T
chr6	20436459	42	11	T	C
chr6	20436505	29	5	T	C
chr6	20436533	14	17	G	A
chr6	20436566	6	18	T	C
chr6	20436597	10	7	C	T
chr6	20436636	4	7	G	A
chr6	20436666	6	9	T	C
chr6	20436678	13	3	C	T
chr6	20436792	8	4	C	T
chr6	20436842	5	5	T	C
chr6	20436860	4	3	C	T
chr6	20436884	3	3	C	T
chr6	20436960	3	2	C	T
chr6	20437059	2	3	T	G
chr6	20437139	12	4	C	A
chr6	20437141	10	6	A	G
chr6	20437155	17	2	C	T
chr6	20437180	14	4	A	G
chr6	20437181	16	4	C	T
chr6	20437203	15	7	A	G
chr6	20437308	6	15	A	G
chr6	20437331	18	12	C	T
chr6	20437413	21	3	G	A
chr6	20437417	19	3	T	C
chr6	20437436	9	12	T	A
chr6	20437439	10	11	C	T
chr6	20437442	18	3	T	C
chr6	20437484	7	3	C	T
chr6	20437487	5	5	C	T
chr6	20437494	5	5	A	G
chr6	20437498	6	6	G	A
chr6	20437515	8	4	C	T
chr6	20437582	4	4	T	C
chr6	20438471	4	3	A	G
chr6	20438561	9	4	G	A
chr6	20438703	10	14	T	C
chr6	20438727	18	8	G	A
chr6	20438778	12	11	A	G
chr6	20438889	11	4	G	A
chr6	20438922	12	4	A	G
chr6	20438925	11	4	G	A
chr6	20438928	11	4	C	T
chr6	20438937	7	9	T	C
chr6	20438949	9	5	A	G
chr6	20439018	10	2	G	A
chr6	20439765	10	4	C	T
chr6	20439771	7	9	G	A
chr6	20440122	16	4	A	G
chr6	20440145	17	5	A	G
chr6	20440188	20	4	C	T
chr6	20440224	14	9	G	A
chr6	20440335	8	13	C	T
chr6	20440436	8	6	T	C
chr6	20440515	12	3	T	C
chr6	20440587	14	3	C	T
chr6	20440624	15	3	G	A
chr6	20440628	14	5	A	G
chr6	20440743	10	12	G	T
chr6	20440752	15	4	C	T
chr6	20440760	16	4	G	T
chr6	20440881	12	3	G	A
chr6	20440908	14	2	G	A
chr6	20440911	12	5	C	T
chr6	20440944	11	3	T	C
chr6	20440956	11	5	A	G
chr6	20440986	4	11	G	A
chr6	20441025	15	3	T	C
chr6	20441118	23	15	C	T
chr6	20441130	31	6	A	T
chr6	20441142	26	14	C	T
chr6	20441157	32	8	T	C
chr6	20441241	15	4	C	T
chr6	20441265	10	10	G	A
chr6	20441307	8	9	C	T
chr6	20441379	17	5	T	C
chr6	20441559	10	4	C	T
chr6	20441645	6	2	G	T
chr6	20441694	3	2	A	T
chr6	20441793	9	4	G	A
chr6	20441808	12	6	C	T
chr6	20441820	12	7	T	C
chr6	20441871	16	7	G	A
chr6	20441916	15	6	C	T
chr6	20441925	13	4	G	A
chr6	20441937	13	3	T	C
chr6	20441940	9	7	C	T
chr6	20441946	11	3	C	A
chr6	20442195	2	10	T	C
chr6	20442561	4	9	A	G
chr6	20442699	17	8	A	G
chr6	20442732	23	22	C	T
chr6	20442765	39	11	G	A
chr6	20442771	24	24	A	T
chr6	20442786	18	40	A	G
chr6	20442828	71	11	A	G
chr6	20442852	28	43	G	A
chr6	20442858	63	9	T	C
chr6	20442867	42	29	G	A
chr6	20442930	7	45	A	G
chr6	20442985	24	7	T	C
chr6	20442990	17	13	C	T
chr6	20443074	14	6	G	A
chr6	20443176	10	3	G	A
chr6	20443260	14	6	C	T
chr6	20443329	17	13	G	A
chr6	20443359	20	11	T	C
chr6	20443383	13	17	A	G
chr6	20443443	21	10	A	T
chr6	20443479	21	4	A	T
chr6	20443497	21	2	A	C
chr6	20443507	7	14	C	T
chr6	20443527	15	12	C	T
chr6	20443588	32	7	G	A
chr6	20443611	36	5	A	G
chr6	20443617	33	8	C	T
chr6	20443620	15	25	C	T
chr6	20443641	28	10	A	G
chr6	20443731	9	3	C	T
chr6	20443824	5	9	T	C
chr6	20443833	5	7	C	T
chr6	20443850	5	6	C	T
chr6	20443881	3	3	C	T
chr6	20443923	6	5	G	A
chr6	20443929	5	8	T	C
chr6	20443941	5	7	T	C
chr6	20443950	5	7	A	G
chr6	20444047	5	15	T	C
chr6	20444115	22	7	G	A
chr6	20444157	16	8	G	C
chr6	20444160	21	4	G	A
chr6	20444172	19	8	C	T
chr6	20444189	6	17	C	T
chr6	20444205	6	16	C	T
chr6	20444207	19	4	C	T
chr6	20444208	16	7	T	C
chr6	20444211	18	3	C	T
chr6	20444239	18	4	A	G
chr6	20444251	13	10	T	C
chr6	20444259	14	6	G	A
chr6	20444363	28	11	C	T
chr6	20444373	28	12	A	G
chr6	20444625	8	20	C	T
chr6	20444672	10	7	G	A
chr6	20444673	12	5	G	A
chr6	20444682	8	6	G	A
chr6	20444684	9	4	T	C
chr6	21219503	4	2	G	A
chr6	21220925	3	0	C	N
chr6	21220927	0	3	G	A
chr6	21361894	4	1	C	A
chr6	21361895	4	1	G	C
chr6	21362010	9	1	G	A
chr6	21362045	6	3	T	C
chr6	21362058	7	5	A	G
chr6	21362082	6	2	G	A
chr6	21363111	5	2	G	A
chr6	21363620	5	8	T	C
chr6	21366248	2	5	C	T
chr6	21369935	3	4	A	T
chr6	21370023	5	2	A	G
chr6	21370029	3	3	A	G
chr6	21370392	3	2	G	A
chr6	21370479	5	6	T	C
chr6	21370563	12	2	G	A
chr6	21370884	5	2	G	A
chr6	21371216	7	9	T	C
chr6	21371254	5	6	G	C
chr6	21371278	6	3	G	A
chr6	21371706	15	3	T	C
chr6	21371796	6	4	T	C
chr6	21371835	3	3	C	T
chr6	21371874	2	3	A	C
chr6	22882037	2	2	C	T
chr6	24858602	5	2	G	C
chr6	24858611	4	2	G	C
chr6	26640932	3	2	T	C
chr6	30417291	4	2	G	A
chr6	30423307	3	2	G	A
chr6	31186460	3	2	A	T
chr6	33787339	3	2	T	A
chr6	34222555	2	0	C	N
chr6	35496599	3	2	C	T
chr6	35721705	4	2	A	G
chr6	35910993	2	2	C	A
chr6	36449754	3	2	T	A
chr6	37986263	2	2	A	G
chr6	38000102	2	2	A	G
chr6	38445573	3	0	A	N
chr6	38445595	3	0	C	N
chr6	38445620	2	0	A	N
chr6	38568203	2	2	G	C
chr6	38585809	3	2	A	T
chr6	38798393	2	2	T	C
chr6	39130466	3	2	G	A
chr6	41446318	2	2	T	C
chr6	41446393	2	2	G	T
chr6	41641127	2	1	A	G
chr6	42095568	3	2	A	G
chr6	42095601	3	2	G	A
chr6	42620501	3	2	A	G
chr6	43875293	2	2	G	A
chr6	43875305	2	2	T	C
chr6	43875336	2	0	A	N
chr6	43875338	2	0	A	N
chr6	44721360	2	2	C	T
chr6	44726240	2	2	G	A
chr6	44749478	5	2	C	T
chr6	45308919	3	2	G	A
chr6	45533234	2	2	G	T
chr6	49899025	2	1	T	C
chr6	50407518	4	0	T	N
chr6	52344664	2	2	C	A
chr6	52403253	2	1	T	C
chr6	52591517	2	2	A	G
chr6	53704402	2	2	T	G
chr6	53746949	4	2	T	A
chr6	53746956	4	2	T	C
chr6	53746967	4	2	A	T
chr6	54343154	4	2	C	T
chr6	54918262	2	1	G	A
chr6	55312343	2	2	C	T
chr6	55930005	2	5	A	G
chr6	56886877	2	2	T	A
chr6	56965266	2	0	G	N
chr6	58065722	2	2	A	G
chr6	58065743	2	1	T	C
chr6	58065744	2	1	A	G
chr6	58065749	2	1	C	T
chr6	58065758	2	1	C	G
chr6	59761837	2	2	G	C
chr6	59761842	2	2	T	G
chr6	60821330	3	2	C	G
chr6	60821332	3	2	A	T
chr6	61446502	2	2	A	T
chr6	61446535	2	2	C	T
chr6	61453834	2	0	T	N
chr6	62750016	3	2	C	T
chr6	62833859	2	2	C	T
chr6	64576740	4	2	A	G
chr6	65998098	2	2	C	T
chr6	66290253	2	2	C	T
chr6	66898885	3	2	A	G
chr6	67743218	4	2	C	T
chr6	67980599	2	2	G	C
chr6	68094467	2	2	T	C
chr6	68094469	2	2	G	A
chr6	68974342	3	2	C	T
chr6	68974350	3	2	T	C
chr6	72850944	2	2	A	G
chr6	73820217	2	2	C	T
chr6	75275493	3	4	A	C
chr6	75740277	3	2	T	A
chr6	75866791	3	2	A	G
chr6	75999586	2	2	T	A
chr6	76386366	2	2	C	T
chr6	76606367	2	2	G	C
chr6	76684109	4	2	G	A
chr6	76978635	1	2	C	T
chr6	77186843	2	2	G	A
chr6	77186850	2	2	T	G
chr6	78749042	5	2	C	T
chr6	79063833	3	2	T	C
chr6	79069555	2	2	G	A
chr6	79069563	2	2	T	C
chr6	79069570	2	2	A	G
chr6	79069575	2	2	A	G
chr6	79422965	2	2	C	T
chr6	80365453	3	2	G	A
chr6	80365475	3	2	T	C
chr6	80365478	3	2	C	T
chr6	81588430	2	2	C	T
chr6	81794096	3	2	G	A
chr6	84680071	5	5	C	T
chr6	89513968	2	2	T	C
chr6	90480804	2	2	C	A
chr6	95785241	2	2	T	C
chr6	95785277	2	2	T	C
chr6	95864256	2	2	C	T
chr6	96828891	2	2	G	T
chr6	97026506	2	2	C	G
chr6	97708715	6	2	G	A
chr6	99127605	2	2	C	A
chr6	99408355	2	2	G	A
chr6	100112965	2	2	A	C
chr6	100112966	2	2	A	T
chr6	100113000	2	2	G	A
chr6	100113133	2	2	T	C
chr6	100113158	2	2	G	T
chr6	100113173	2	2	G	A
chr6	100403541	4	3	A	T
chr6	100620825	2	2	G	A
chr6	100621185	2	1	A	G
chr6	100621193	2	1	T	C
chr6	102037503	2	2	G	T
chr6	103820493	2	2	C	T
chr6	105501753	2	2	C	A
chr6	106822002	2	0	T	N
chr6	106870806	2	2	C	T
chr6	107783221	2	2	A	T
chr6	108664056	2	2	G	C
chr6	109009108	2	2	T	A
chr6	110790182	3	2	C	T
chr6	110824576	2	2	G	A
chr6	111137338	4	0	A	N
chr6	111930761	2	0	T	N
chr6	112908439	3	2	G	A
chr6	113369475	2	2	C	T
chr6	114674392	2	2	A	T
chr6	115673582	2	2	G	T
chr6	116184017	3	2	T	C
chr6	116220115	2	2	G	T
chr6	118417468	2	2	A	G
chr6	122669382	4	1	G	A
chr6	123161709	2	2	A	G
chr6	123707796	2	2	A	G
chr6	124065660	3	2	G	A
chr6	124259169	3	2	T	C
chr6	125501905	2	2	C	T
chr6	125935370	2	2	A	G
chr6	126754237	2	2	C	T
chr6	127294116	2	2	T	C
chr6	128781921	2	2	T	C
chr6	129754610	3	2	C	T
chr6	129907813	2	2	C	T
chr6	130497061	2	2	A	G
chr6	130968668	3	2	G	T
chr6	132178687	2	2	A	T
chr6	134159321	2	2	A	C
chr6	134792722	4	2	G	C
chr6	136249474	3	2	C	T
chr6	136740285	2	2	G	C
chr6	139234260	3	2	C	A
chr6	140807414	4	2	C	T
chr6	140877367	2	2	A	G
chr6	140909999	3	2	T	C
chr6	140910060	4	2	G	A
chr6	140923218	3	2	G	T
chr6	141133001	2	2	C	G
chr6	141983711	2	2	G	T
chr6	141994225	3	2	A	T
chr6	143422595	2	2	C	G
chr6	144269211	4	1	A	C
chr6	145955466	4	2	C	T
chr6	147664517	2	2	G	A
chr6	147664521	2	2	C	T
chr6	147664542	2	2	G	A
chr6	147664552	2	2	T	C
chr6	147700652	2	2	T	C
chr6	148590545	2	2	C	T
chr6	148748693	2	1	A	G
chr6	149190567	2	0	A	N
chr6	149847475	2	2	C	T
chr6	149847481	2	2	G	A
chr6	150936809	3	2	C	G
chr6	151132737	4	2	G	A
chr6	151755578	4	3	A	T
chr6	153979842	2	2	G	A
chr6	154893188	2	2	T	C
chr6	155024100	2	2	C	T
chr6	158272859	2	2	A	T
chr6	159210570	3	3	C	T
chr6	159210572	3	3	A	G
chr6	160151931	2	0	C	N
chr6	160281763	2	2	G	A
chr6	160325027	2	2	T	A
chr6	160606980	4	0	T	N
chr6	164817812	2	2	C	T
chr6	167118950	2	2	C	G
chr6	167118957	2	2	T	A
chr6	167118958	2	2	T	A
chr6	167433030	4	2	C	G
chr6	167576094	2	2	C	G
chr6	168381183	2	2	G	A
chr6	169417488	3	1	A	G
chr6	171116454	3	2	T	C
chr6	171456780	2	2	A	G
chr6	171685854	2	2	A	G
chr6	172188084	2	2	G	A
chr6	172188093	2	2	G	C
chr6	173897306	4	2	G	A
chr6	174018859	3	2	T	C
chr6	175762602	2	2	A	G
chr6	176042146	4	2	T	C
chr6	176507610	2	0	G	N
chr6	177022970	3	2	T	C
chr6	181049724	2	2	A	C
chr7	34759	1	0	G	N
chr7	34761	1	0	C	N
chr7	77069	3	2	T	C
chr7	482185	2	2	G	A
chr7	2464068	2	2	T	A
chr7	2464070	2	2	A	C
chr7	3607719	2	2	T	C
chr7	5884555	4	2	C	A
chr7	5884662	4	2	G	A
chr7	6063961	4	2	A	G
chr7	6758928	2	2	A	G
chr7	7014990	2	2	C	T
chr7	9025645	2	2	G	C
chr7	12640580	2	2	A	G
chr7	13952531	3	2	A	G
chr7	14061752	0	0	A	N
chr7	14189354	2	2	C	G
chr7	15086206	2	2	C	T
chr7	15448943	2	2	G	C
chr7	16067096	2	2	G	T
chr7	16500934	2	1	G	A
chr7	18371530	6	6	C	T
chr7	18425013	2	2	G	A
chr7	19536608	5	4	C	T
chr7	19536667	2	1	G	A
chr7	19739563	4	2	G	A
chr7	19881489	2	2	A	G
chr7	20626558	2	1	T	G
chr7	20626562	2	1	A	G
chr7	20904253	2	2	C	T
chr7	21499309	2	2	G	A
chr7	21970640	3	0	T	N
chr7	22849358	2	2	A	G
chr7	23454228	2	2	C	T
chr7	23748117	2	2	T	C
chr7	25991611	3	0	G	N
chr7	26153146	3	0	T	N
chr7	26558838	3	2	C	A
chr7	27614222	5	1	A	G
chr7	28181456	4	4	A	T
chr7	28181458	4	4	C	T
chr7	28181462	4	4	C	T
chr7	28181516	2	3	A	G
chr7	28181544	2	3	C	T
chr7	28394368	2	0	C	N
chr7	28544768	2	2	T	C
chr7	30543452	4	2	A	G
chr7	31226759	2	2	C	A
chr7	32126365	2	2	G	C
chr7	32812920	2	2	A	C
chr7	34142994	2	2	A	T
chr7	35547353	3	2	A	G
chr7	37544553	3	2	G	A
chr7	37635368	4	0	C	N
chr7	37771964	2	2	T	C
chr7	39633400	2	2	T	G
chr7	39634912	2	2	A	G
chr7	39945989	3	2	G	A
chr7	40080960	3	2	C	A
chr7	42003066	2	2	T	C
chr7	43356270	2	0	A	N
chr7	43407403	2	0	T	N
chr7	43424252	3	2	C	T
chr7	43904180	2	2	G	A
chr7	43977355	3	2	C	T
chr7	44492825	2	2	C	T
chr7	44754594	3	2	A	T
chr7	44754597	3	2	T	C
chr7	45720108	2	2	G	A
chr7	45900491	2	0	A	N
chr7	47032688	2	2	A	G
chr7	47802207	2	2	C	A
chr7	49081171	2	2	G	T
chr7	49117290	3	2	C	T
chr7	50368798	2	1	A	G
chr7	50542043	2	2	A	G
chr7	51756174	3	2	G	T
chr7	51944244	3	2	C	A
chr7	52949359	4	2	G	C
chr7	53670263	3	2	T	C
chr7	55161131	2	2	C	A
chr7	59763625	3	2	T	G
chr7	59763638	2	2	C	T
chr7	59808599	2	2	T	A
chr7	59808643	2	2	A	G
chr7	60646021	2	2	A	G
chr7	61609632	2	1	A	G
chr7	63233027	2	2	G	T
chr7	63475993	2	2	C	T
chr7	64072621	2	2	C	A
chr7	64280890	2	2	T	C
chr7	64319078	3	2	G	A
chr7	64888846	2	2	C	A
chr7	65700609	1	0	G	N
chr7	66407279	3	0	A	N
chr7	66459168	4	2	A	T
chr7	66583688	2	0	C	N
chr7	67617090	2	2	T	C
chr7	68012614	4	2	T	C
chr7	68847973	2	2	T	G
chr7	69880906	2	2	T	A
chr7	71274472	2	2	A	G
chr7	71274508	4	2	C	G
chr7	72563369	3	2	G	A
chr7	73102317	2	0	T	N
chr7	74666367	2	2	A	G
chr7	76179116	3	2	G	A
chr7	76560359	4	2	A	G
chr7	76591927	2	2	T	C
chr7	76879310	2	2	A	G
chr7	77300549	5	2	C	T
chr7	77662920	3	2	G	A
chr7	78799278	2	2	A	G
chr7	79122753	3	2	T	C
chr7	79331390	2	2	T	A
chr7	79404657	5	3	G	A
chr7	79404695	5	2	G	A
chr7	79811884	4	2	A	G
chr7	79860376	2	2	T	G
chr7	79860381	2	2	C	G
chr7	79870066	2	2	G	A
chr7	79870188	2	2	C	A
chr7	80102637	2	2	T	C
chr7	80351156	4	2	A	C
chr7	80351161	4	3	A	G
chr7	80574341	2	2	T	C
chr7	82494675	2	2	T	C
chr7	82494692	2	2	T	C
chr7	83759230	2	2	C	T
chr7	83803967	3	2	G	A
chr7	84313707	3	2	A	C
chr7	84480095	2	2	A	G
chr7	84641119	2	2	C	T
chr7	84725975	4	0	C	N
chr7	84725976	4	0	T	N
chr7	85699855	2	2	C	T
chr7	86786809	4	2	T	C
chr7	87571978	2	2	T	C
chr7	88302282	2	3	A	G
chr7	88433850	2	2	A	T
chr7	88513835	2	2	T	C
chr7	88956187	2	1	T	C
chr7	88957163	3	2	T	C
chr7	88957166	4	2	T	G
chr7	88957263	7	4	A	G
chr7	88957285	7	4	C	T
chr7	88957305	8	4	A	G
chr7	88957308	8	4	A	G
chr7	88957338	3	4	G	T
chr7	88957344	3	4	A	G
chr7	88957409	2	2	G	T
chr7	88957421	2	1	C	T
chr7	88957422	2	1	C	T
chr7	88976282	3	6	A	G
chr7	88976283	3	6	T	G
chr7	88976331	3	3	G	A
chr7	88976342	3	3	A	G
chr7	89776984	3	2	G	A
chr7	90214784	2	2	G	C
chr7	90784428	3	2	A	C
chr7	91158624	2	2	G	A
chr7	91425847	3	2	T	C
chr7	91456895	3	2	T	A
chr7	93955519	2	2	G	A
chr7	94667022	3	2	G	T
chr7	94944403	2	0	A	N
chr7	96634611	3	2	G	T
chr7	98157812	2	2	C	T
chr7	100369205	2	0	C	N
chr7	100386411	2	2	T	C
chr7	100386415	2	2	A	G
chr7	100386416	2	2	A	G
chr7	100386423	2	2	T	C
chr7	100645462	3	2	G	A
chr7	101203230	3	2	T	C
chr7	101657207	2	2	A	G
chr7	101722856	2	2	C	T
chr7	101722874	2	2	C	A
chr7	101725362	2	2	T	C
chr7	101980430	2	2	C	A
chr7	101983551	2	2	A	G
chr7	104802093	2	0	T	N
chr7	105148556	2	2	G	C
chr7	105385595	4	2	T	C
chr7	106078602	3	2	A	G
chr7	107209398	2	1	A	G
chr7	110194501	2	2	G	C
chr7	110384253	2	2	G	A
chr7	110460295	4	2	T	C
chr7	110464932	2	2	A	G
chr7	111484444	3	2	C	T
chr7	112409049	2	0	A	N
chr7	113343995	2	2	G	C
chr7	113344046	2	2	C	G
chr7	113728101	2	2	T	C
chr7	113938554	2	2	A	T
chr7	113938719	2	2	T	C
chr7	114046282	3	2	C	T
chr7	114046315	5	4	T	C
chr7	114046347	5	4	A	G
chr7	114046357	5	4	G	A
chr7	114046362	5	4	G	T
chr7	114046365	5	4	C	T
chr7	114046375	5	4	C	T
chr7	114046412	4	2	G	A
chr7	116889936	3	2	T	A
chr7	118606794	10	3	G	A
chr7	118606810	6	8	C	T
chr7	118606850	11	2	G	A
chr7	118607778	5	3	C	T
chr7	118607836	9	6	C	T
chr7	118607875	11	5	G	A
chr7	118607882	11	7	C	T
chr7	118607918	6	5	T	C
chr7	118891577	3	1	A	C
chr7	118891585	3	2	T	A
chr7	118891590	3	2	A	G
chr7	118891615	3	2	G	A
chr7	118891635	3	2	G	T
chr7	118891645	3	3	T	C
chr7	120224695	2	2	A	T
chr7	120493593	2	2	T	C
chr7	120613781	2	2	G	C
chr7	121141458	2	2	A	T
chr7	121141533	2	2	C	T
chr7	122659482	2	2	C	A
chr7	122848857	2	2	C	T
chr7	124399781	2	2	T	A
chr7	125564977	3	2	A	T
chr7	125938100	2	2	T	C
chr7	126622180	4	2	C	G
chr7	126622273	2	2	G	A
chr7	126623932	3	2	C	T
chr7	126623939	3	2	G	A
chr7	126623941	3	2	C	T
chr7	127410164	5	2	C	T
chr7	127434876	4	2	G	A
chr7	127918143	2	2	G	A
chr7	127918157	2	2	G	T
chr7	128965921	2	2	T	C
chr7	129234416	4	2	T	G
chr7	129234531	3	0	A	N
chr7	130815200	2	2	C	G
chr7	133052717	2	1	A	G
chr7	133774673	1	2	C	T
chr7	137541654	2	2	G	A
chr7	139249139	3	0	T	N
chr7	139961177	2	2	C	T
chr7	139961351	3	4	T	C
chr7	139961360	3	5	G	A
chr7	143070711	4	2	C	A
chr7	143970087	2	2	T	C
chr7	145340167	4	2	G	T
chr7	146352711	2	2	C	T
chr7	149293120	4	2	C	T
chr7	150801143	2	2	C	T
chr7	151140747	3	2	C	G
chr7	151319555	2	2	G	A
chr7	152114296	2	2	A	C
chr7	152889146	3	0	A	N
chr7	154116264	2	2	A	T
chr7	154602377	2	2	T	C
chr7	159473230	2	2	T	C
chr7	161470632	2	1	G	A
chr7	163866044	2	1	T	C
chr7	164207724	3	2	T	C
chr7	165794315	2	2	C	A
chr7	166401584	3	2	A	G
chr7	166785429	2	2	G	A
chr7	167688134	2	2	G	C
chr7	169145292	2	2	A	G
chr7	169299980	2	2	G	T
chr7	169506162	2	2	A	G
chr7	169757324	2	2	C	T
chr7	172958283	5	0	A	N
chr7	176437437	2	2	A	G
chr7	177586043	3	2	G	A
chr7	177642378	2	2	T	G
chr7	178197773	2	2	A	C
chr7	178748875	3	2	A	T
chr7	179229594	2	2	G	A
chr7	179336214	2	2	T	C
chr7	179725416	3	1	T	C
chr7	179725418	3	1	G	A
chr7	179725421	3	1	A	G
chr7	180368520	2	2	C	A
chr7	181446577	3	1	G	A
chr7	181446578	3	1	C	T
chr7	181446623	2	2	T	C
chr7	181446636	2	2	A	C
chr7	183838963	2	2	C	T
chr7	185127816	2	2	G	T
chr7	185592980	3	2	C	G
chr7	185806828	4	1	G	T
chr8	2973684	4	2	T	C
chr8	3059264	2	2	G	A
chr8	3059270	2	2	T	A
chr8	3608029	2	2	C	A
chr8	4100281	2	2	T	A
chr8	5104864	2	2	A	T
chr8	6603288	2	2	G	A
chr8	6603549	2	0	A	N
chr8	6603553	2	1	A	T
chr8	6603761	9	0	G	N
chr8	6603778	8	0	A	N
chr8	6606879	2	2	C	G
chr8	6873235	2	2	C	T
chr8	8123723	4	2	G	A
chr8	8305194	3	2	C	T
chr8	8305398	3	2	G	A
chr8	8305401	3	2	C	T
chr8	8305449	2	4	A	G
chr8	8305462	3	3	C	T
chr8	9645456	2	2	A	G
chr8	10108013	4	2	G	C
chr8	10202157	2	2	G	C
chr8	11454747	2	3	G	A
chr8	11454755	2	3	C	T
chr8	11494968	3	2	G	A
chr8	11616998	2	2	G	A
chr8	11717164	2	2	T	C
chr8	12118431	3	2	C	T
chr8	12118467	4	2	G	A
chr8	12192958	3	2	T	C
chr8	12990831	2	2	T	C
chr8	13501867	3	2	A	G
chr8	13501928	3	2	T	C
chr8	14206254	3	2	T	A
chr8	14897859	2	2	C	T
chr8	14897918	3	1	A	T
chr8	14897929	3	1	A	C
chr8	16203945	4	2	C	A
chr8	16420278	2	2	A	T
chr8	17752810	2	3	A	G
chr8	17925215	5	2	C	T
chr8	19105428	3	2	C	G
chr8	19325235	2	2	C	T
chr8	19567100	3	2	G	A
chr8	20914251	4	2	C	G
chr8	22452799	2	2	A	G
chr8	22506825	2	1	A	G
chr8	22572595	2	2	A	T
chr8	24136217	1	0	C	N
chr8	25480630	2	2	C	T
chr8	25595815	4	2	T	A
chr8	25730587	2	2	C	A
chr8	26299939	2	2	G	A
chr8	27493596	2	0	G	N
chr8	30368277	4	2	G	A
chr8	30505186	2	2	T	A
chr8	32043094	3	2	G	A
chr8	34941426	2	2	T	C
chr8	35873525	1	2	C	T
chr8	36123202	4	2	A	G
chr8	36179414	2	2	A	G
chr8	36805297	2	0	T	N
chr8	36805299	2	0	A	N
chr8	36855484	2	2	T	C
chr8	36855487	2	2	A	C
chr8	38857368	3	2	C	T
chr8	39720995	4	2	C	T
chr8	39884804	2	2	A	G
chr8	40180547	2	2	C	A
chr8	42378105	2	2	T	C
chr8	42775252	2	3	T	C
chr8	44250026	2	2	G	A
chr8	46053934	3	2	G	A
chr8	46246735	4	2	C	A
chr8	48907952	4	2	T	G
chr8	52637776	2	2	G	T
chr8	55740550	4	2	A	G
chr8	55805836	2	2	T	C
chr8	57513946	2	2	T	A
chr8	58256208	3	2	G	A
chr8	58950234	3	2	A	T
chr8	63334721	2	2	G	A
chr8	65526892	3	2	G	A
chr8	67230906	2	2	C	A
chr8	67494359	4	2	C	T
chr8	67629136	3	2	T	C
chr8	68012684	3	2	C	T
chr8	68142230	2	3	G	A
chr8	68142386	3	3	C	T
chr8	68595106	2	2	A	G
chr8	68795723	2	2	A	G
chr8	68795728	2	2	T	C
chr8	68796225	2	1	C	G
chr8	69319378	4	2	C	G
chr8	69740250	2	2	G	A
chr8	70540166	2	2	T	C
chr8	70623872	2	2	A	C
chr8	70731942	2	2	G	A
chr8	72794687	3	3	C	A
chr8	72794775	2	3	G	A
chr8	72800290	3	4	C	T
chr8	72800297	2	4	C	T
chr8	74811446	3	2	C	T
chr8	75060093	2	2	G	A
chr8	75693097	2	1	A	G
chr8	77647255	2	0	A	N
chr8	78432671	2	0	T	N
chr8	80758635	2	2	A	G
chr8	81142034	2	2	G	T
chr8	81490752	2	2	A	T
chr8	82939559	2	2	C	T
chr8	83654880	3	2	C	T
chr8	84182151	3	1	A	C
chr8	84182155	3	1	T	C
chr8	85359308	2	2	G	T
chr8	86362447	3	2	T	C
chr8	88173301	2	2	G	A
chr8	88669007	2	2	G	C
chr8	88669018	2	2	T	C
chr8	88726639	2	2	G	A
chr8	88850990	2	2	G	A
chr8	91153744	2	2	G	A
chr8	91968276	2	2	A	T
chr8	91983034	2	1	T	C
chr8	92820011	2	0	C	N
chr8	92820013	2	0	A	N
chr8	95491516	2	2	C	A
chr8	95775039	4	2	G	T
chr8	96479015	3	2	G	A
chr8	96866295	3	2	C	T
chr8	96866314	3	2	T	C
chr8	96929795	2	2	G	A
chr8	97341037	2	2	C	T
chr8	97341070	2	2	G	A
chr8	97698347	6	9	A	G
chr8	97698353	11	3	G	A
chr8	97698449	9	5	A	G
chr8	97698524	2	3	T	C
chr8	97698542	9	3	T	C
chr8	97698599	19	5	T	C
chr8	97698626	7	17	C	T
chr8	97698698	18	3	A	G
chr8	97699484	4	6	G	A
chr8	97699723	24	5	G	A
chr8	97699841	12	3	G	A
chr8	97699844	14	3	C	T
chr8	97699920	8	1	T	C
chr8	97699922	8	1	A	T
chr8	97699938	6	2	A	G
chr8	97699939	6	2	T	C
chr8	97699949	6	2	C	A
chr8	97699956	5	1	G	A
chr8	97699957	6	1	C	A
chr8	97709883	2	2	C	T
chr8	97709904	2	2	T	C
chr8	97713606	2	2	C	T
chr8	97714428	2	2	C	T
chr8	97714472	2	4	A	C
chr8	97723767	5	3	A	G
chr8	97756823	2	2	G	A
chr8	97869466	5	2	A	G
chr8	98147482	3	3	C	T
chr8	98150690	4	3	G	A
chr8	98150753	8	1	G	A
chr8	98150804	5	3	C	G
chr8	98150873	3	6	T	C
chr8	98150921	4	3	C	T
chr8	98150924	3	4	T	C
chr8	98150952	5	5	A	T
chr8	98151026	5	5	A	C
chr8	98151035	4	6	A	T
chr8	98151098	2	4	A	G
chr8	98154019	2	2	G	A
chr8	98154077	2	3	T	C
chr8	98155998	4	2	T	C
chr8	98156127	5	4	G	A
chr8	98156148	4	3	G	A
chr8	98156231	3	4	A	G
chr8	98156232	3	4	T	C
chr8	98372088	2	2	G	A
chr8	98572329	4	5	T	C
chr8	98572408	12	8	C	T
chr8	98572441	5	12	C	T
chr8	98572479	11	5	T	C
chr8	98572486	14	4	G	A
chr8	98572516	6	2	C	T
chr8	98572517	3	2	G	A
chr8	98572543	6	2	T	C
chr8	98572567	5	3	C	T
chr8	98572849	18	21	T	C
chr8	98572909	16	21	A	G
chr8	98572915	28	7	A	G
chr8	98572990	4	22	T	C
chr8	98573041	27	8	T	C
chr8	98573186	4	9	C	T
chr8	98573215	11	6	T	C
chr8	98573221	9	6	C	T
chr8	98573596	2	10	C	T
chr8	98573633	9	3	C	T
chr8	98575007	2	3	T	A
chr8	98575013	5	2	C	A
chr8	98575068	4	5	C	T
chr8	98575131	6	12	C	T
chr8	98575244	8	9	T	C
chr8	98575245	13	4	T	C
chr8	98575249	10	3	C	T
chr8	98575250	9	4	A	G
chr8	98575273	4	5	T	C
chr8	98575312	5	3	G	A
chr8	98575458	4	3	C	T
chr8	98575501	6	2	C	T
chr8	98575527	5	6	C	T
chr8	98575558	6	4	A	G
chr8	98575562	6	3	A	G
chr8	98575905	6	3	C	T
chr8	98575920	6	3	T	C
chr8	98575927	5	4	T	C
chr8	98575990	12	11	A	G
chr8	98576049	21	12	C	T
chr8	98576062	19	14	A	G
chr8	98576110	21	13	A	G
chr8	98576143	37	9	G	A
chr8	98576159	22	22	A	G
chr8	98576202	11	23	G	A
chr8	98576261	6	15	C	T
chr8	98576267	9	9	A	T
chr8	98576302	5	3	C	G
chr8	98577051	5	1	A	G
chr8	98577118	3	1	T	C
chr8	98578510	6	3	G	T
chr8	98578564	6	3	C	T
chr8	98578678	18	9	G	T
chr8	98579053	2	2	C	T
chr8	98579056	2	2	C	G
chr8	98579208	3	17	G	T
chr8	98579302	13	11	C	T
chr8	98579337	17	2	G	A
chr8	98579377	9	15	T	C
chr8	98579434	26	7	G	A
chr8	98579444	20	15	T	C
chr8	98579468	30	5	C	G
chr8	98579518	6	24	C	T
chr8	98579599	10	3	T	C
chr8	98579611	9	3	G	T
chr8	98580028	5	4	C	T
chr8	98580031	4	4	A	G
chr8	98580052	6	4	G	A
chr8	98580166	12	10	G	C
chr8	98580178	18	4	C	T
chr8	98580255	11	6	T	C
chr8	98580375	18	13	T	A
chr8	98580380	12	19	T	C
chr8	98580445	14	8	G	A
chr8	98580499	5	5	A	G
chr8	98580994	13	6	C	T
chr8	98581612	3	4	T	C
chr8	98581643	5	6	T	C
chr8	98581813	11	2	A	G
chr8	98581918	4	15	G	A
chr8	98582017	14	7	T	C
chr8	98582143	5	3	A	G
chr8	98582221	10	3	G	A
chr8	98582259	10	3	A	G
chr8	98582263	5	8	A	G
chr8	98582275	11	2	A	G
chr8	98582456	4	2	T	C
chr8	98582601	9	13	C	T
chr8	98582620	9	14	T	A
chr8	98582625	9	14	T	C
chr8	98582637	22	1	A	G
chr8	98582725	10	2	C	T
chr8	98840205	4	10	C	T
chr8	99719353	3	2	C	T
chr8	99719425	4	2	C	T
chr8	99719516	2	2	T	C
chr8	99720606	6	2	C	T
chr8	99722360	4	4	T	C
chr8	99722378	6	2	T	C
chr8	99722498	5	6	T	C
chr8	99722555	6	5	A	G
chr8	99723863	2	2	T	C
chr8	99814394	2	2	C	A
chr8	99865804	3	2	C	G
chr8	99865825	3	2	C	T
chr8	99865886	4	2	G	A
chr8	100045368	2	4	A	G
chr8	100059501	2	2	A	G
chr8	100085332	7	2	A	C
chr8	100085337	7	2	G	A
chr8	100085397	3	5	G	A
chr8	100085409	3	5	G	A
chr8	100086988	4	5	A	G
chr8	100087070	6	5	T	C
chr8	100608368	4	4	A	G
chr8	100608404	7	6	A	G
chr8	100608591	6	3	A	G
chr8	100829157	3	2	G	C
chr8	100955422	2	2	C	T
chr8	101245843	2	2	A	T
chr8	101505457	2	2	C	T
chr8	102141285	2	2	G	C
chr8	102795855	2	2	A	G
chr8	102896074	2	0	C	N
chr8	102973827	3	2	C	T
chr8	103822816	3	2	G	A
chr8	104636131	2	2	A	G
chr8	106718339	2	2	T	C
chr8	107108430	2	2	A	G
chr8	110964096	2	2	A	G
chr8	111124218	2	2	G	A
chr8	112271822	4	2	A	T
chr8	113351881	3	2	G	A
chr8	114154077	2	2	C	A
chr8	114481388	3	2	C	G
chr8	115072836	3	2	T	A
chr8	115264106	3	2	C	T
chr8	115623550	2	2	A	G
chr8	116159170	2	2	C	G
chr8	116989708	4	3	T	A
chr8	116989816	2	3	A	G
chr8	117155231	5	1	A	G
chr8	119851276	2	2	A	G
chr8	120128613	4	0	C	N
chr8	120671477	2	2	C	T
chr8	123366570	2	2	A	T
chr8	124584493	2	2	C	G
chr8	125401593	3	2	C	T
chr8	126186756	2	2	G	T
chr8	128000201	2	2	C	A
chr8	128054262	2	2	A	G
chr8	130037677	4	2	C	T
chr8	130301250	3	2	G	A
chr8	130929529	2	2	C	T
chr8	131411879	3	2	C	A
chr8	132341467	2	2	C	T
chr8	133025029	2	2	C	T
chr8	133038575	2	0	G	N
chr8	137149805	3	2	A	G
chr8	137271887	2	2	T	A
chr8	138644465	2	2	G	T
chr8	139892571	2	2	T	C
chr8	140210026	2	2	G	A
chr8	141885417	2	2	C	T
chr8	141986077	6	2	C	T
chr8	141986079	4	6	G	A
chr8	141986090	3	4	C	T
chr8	142505895	4	2	G	A
chr8	143586987	2	2	C	T
chr8	143761693	2	2	G	A
chr8	143762725	2	2	C	T
chr8	143762726	2	2	A	G
chr8	143762965	2	3	C	A
chr8	145555938	2	2	G	A
chr8	145610701	2	2	C	A
chr8	146646942	2	1	T	C
chr8	149122535	2	2	T	A
chr8	149205508	4	1	T	C
chr8	149218156	2	2	G	A
chr8	149893879	4	5	A	G
chr8	149893913	4	5	A	G
chr8	150094322	2	2	A	T
chr8	150094325	2	2	T	G
chr8	151413324	4	2	C	T
chr8	152252084	3	2	C	G
chr8	152904806	2	8	T	C
chr8	153843114	2	2	A	G
chr8	154479038	3	0	G	N
chr8	154479068	4	0	G	N
chr8	155015043	2	2	C	A
chr8	156778521	2	5	A	T
chr8	157174642	3	2	T	C
chr8	159604416	2	2	A	G
chr8	160779384	4	2	T	C
chr8	163258475	2	2	A	G
chr8	164877300	3	2	C	T
chr8	167842667	2	2	T	C
chr8	168042032	4	2	T	C
chr8	170052640	3	2	C	A
chr8	171887747	2	2	C	T
chr8	172282521	3	2	C	T
chr8	173492235	5	4	G	A
chr8	173492292	4	4	G	A
chr8	173492299	4	4	T	C
chr8	173492334	4	4	G	T
chr8	173884340	3	0	A	N
chr8	173939842	2	2	C	T
chr8	174961294	3	2	T	C
chr8	175326250	3	0	T	N
chr8	175684841	2	2	G	T
chr8	176020023	3	2	A	T
chr8	176029387	4	2	A	G
chr8	176769475	2	2	C	T
chr8	177159531	2	2	C	G
chr8	177263230	2	2	A	G
chr8	177592660	2	2	A	T
chr8	177592723	2	2	C	T
chr8	178393908	4	3	G	A
chr8	178393912	3	3	T	C
chr8	179992007	2	2	C	T
chr8	180000898	2	2	G	T
chr8	180120686	2	2	G	T
chr8	180120713	2	2	T	C
chr8	180538471	2	0	A	N
chr8	180538474	2	0	T	N
chr8	180776210	2	2	G	T
chr9	4177345	2	2	C	T
chr9	4644583	2	2	C	T
chr9	8730137	2	2	T	C
chr9	9215215	3	2	T	C
chr9	9489645	2	2	G	T
chr9	9748745	2	2	T	G
chr9	9748750	2	2	A	G
chr9	15310776	2	2	G	A
chr9	15310784	2	2	T	C
chr9	16780108	2	2	A	G
chr9	17807466	5	2	T	A
chr9	20338787	2	2	T	A
chr9	21643098	2	2	C	T
chr9	22512705	2	2	C	T
chr9	22952670	4	1	A	C
chr9	25591289	4	2	A	C
chr9	27307063	2	2	T	C
chr9	29270245	0	0	C	N
chr9	29950783	2	2	C	G
chr9	31048130	2	2	T	C
chr9	32292662	2	1	A	G
chr9	33591603	3	2	T	C
chr9	34346859	2	0	T	N
chr9	34747390	3	2	C	G
chr9	34817303	2	2	C	T
chr9	34831269	2	2	T	A
chr9	35403231	3	2	C	T
chr9	36320422	3	2	A	G
chr9	36554924	4	2	T	A
chr9	36753409	2	2	C	T
chr9	37279321	2	2	C	A
chr9	38157164	2	0	G	N
chr9	38391142	2	0	A	N
chr9	38674577	2	2	G	T
chr9	39179378	2	2	G	A
chr9	39246330	2	2	C	T
chr9	39605509	2	2	T	C
chr9	39824457	2	2	G	T
chr9	40359841	2	2	T	A
chr9	46925263	2	2	A	G
chr9	48220217	2	2	G	T
chr9	48885767	2	2	G	T
chr9	54033743	2	2	G	A
chr9	54304199	4	2	A	T
chr9	54696582	2	0	T	N
chr9	56096627	5	1	A	G
chr9	56196719	2	1	C	T
chr9	56714362	3	2	G	A
chr9	57051306	3	2	A	T
chr9	58688844	2	2	T	A
chr9	60171538	2	2	A	G
chr9	60430262	2	2	A	G
chr9	62161669	2	2	T	C
chr9	62564256	3	2	G	T
chr9	62897449	3	2	T	C
chr9	64350310	3	2	G	C
chr9	64392649	2	2	T	C
chr9	64392654	2	2	G	A
chr9	66313642	2	2	C	G
chr9	67981356	2	2	C	T
chr9	71511028	3	2	G	A
chr9	71596607	3	2	C	T
chr9	72204831	5	2	T	A
chr9	72397665	2	2	A	C
chr9	74672000	3	2	G	A
chr9	74707171	4	6	A	G
chr9	74707187	4	6	A	G
chr9	74792162	2	2	G	T
chr9	74792166	2	2	T	G
chr9	75247123	4	2	A	G
chr9	75938000	2	2	A	C
chr9	75938045	3	3	C	G
chr9	75938075	4	3	A	G
chr9	75939531	2	2	G	A
chr9	75939535	2	2	C	T
chr9	76209274	5	2	C	T
chr9	76209337	4	2	A	T
chr9	79205454	3	2	G	T
chr9	79736296	3	2	C	T
chr9	79791825	2	2	G	A
chr9	80765318	4	2	A	G
chr9	80940245	2	2	C	T
chr9	81754302	4	2	G	A
chr9	82358111	2	2	A	G
chr9	84659008	4	2	C	A
chr9	85134586	2	2	C	A
chr9	86248563	3	2	T	C
chr9	87644571	2	2	T	C
chr9	87681991	2	2	T	G
chr9	88063891	4	2	T	C
chr9	88880437	3	2	C	T
chr9	88920153	2	2	T	A
chr9	91007589	2	2	A	C
chr9	92234702	2	2	C	A
chr9	92908350	4	2	A	G
chr9	93985838	2	2	G	A
chr9	94902066	3	0	A	N
chr9	96096530	2	2	C	T
chr9	96353274	2	2	C	T
chr9	98353953	3	0	C	N
chr9	98354461	2	2	T	C
chr9	99776797	2	2	A	G
chr9	99810946	3	2	G	T
chr9	101426602	4	2	G	A
chr9	101484173	2	2	C	T
chr9	101484182	2	2	T	C
chr9	101484183	2	2	C	T
chr9	101484186	2	2	C	T
chr9	101484189	2	2	G	A
chr9	103108517	2	2	A	G
chr9	103162339	2	2	G	A
chr9	103788401	3	2	G	T
chr9	103882409	2	2	A	G
chr9	104185344	2	2	C	G
chr9	104899516	2	4	C	T
chr9	105182554	2	2	C	T
chr9	106159468	3	2	C	A
chr9	106177431	2	2	T	A
chr9	107534378	2	2	A	G
chr9	107890333	2	2	G	T
chr9	108297379	2	2	A	T
chr9	108297505	3	7	T	A
chr9	108297593	3	4	A	G
chr9	108297642	4	2	G	A
chr9	110246600	2	2	C	G
chr9	111885863	5	2	G	A
chr9	112641724	2	2	A	G
chr9	112823401	2	2	C	A
chr9	113351355	2	2	G	A
chr9	114012020	2	2	A	G
chr9	114012818	3	3	A	C
chr9	114012839	3	3	G	A
chr9	114012898	2	3	T	G
chr9	115592608	5	0	T	N
chr9	116266401	2	2	C	T
chr9	117121488	2	2	C	T
chr9	117408430	3	2	C	T
chr9	117639185	3	2	G	A
chr9	118834080	2	2	T	C
chr9	118834112	2	2	C	A
chr9	119237499	2	2	T	C
chr9	119547946	2	2	G	T
chr9	122114800	2	2	A	C
chr9	123333334	2	2	T	A
chr9	123784449	2	2	G	A
chr9	124091808	2	2	G	A
chr9	124091822	2	2	A	G
chr9	124506017	2	2	C	T
chr9	124699299	2	2	T	A
chr9	128146166	2	2	G	A
chr9	128439209	3	2	G	T
chr9	129040676	2	2	G	T
chr9	130383271	2	2	A	G
chr9	130618977	2	2	G	A
chr9	133391289	3	2	C	T
chr9	133419328	2	2	C	T
chr9	133419976	2	2	G	A
chr9	133633777	3	2	T	A
chr9	133704209	2	2	A	G
chr9	133987723	2	2	T	G
chr9	133987731	2	2	T	A
chr9	135941604	3	2	T	C
chr9	137689815	4	2	G	C
chr9	138394592	3	2	C	T
chr9	140074964	2	2	C	T
chr9	142273482	2	2	A	T
chr9	142732943	2	2	C	G
chr9	142771574	4	2	A	G
chr9	144322471	2	2	G	A
chr9	145082247	2	2	C	T
chr9	145082296	2	2	G	T
chr9	146964043	3	2	T	C
chr9	147014651	2	2	C	T
chr9	147315119	4	2	A	G
chr9	147513641	2	2	C	A
chr9	147826967	2	2	G	A
chr9	151947504	2	4	C	A
chr9	151947524	2	4	C	T
chr9	153864646	3	2	T	G
chr9	153877613	2	3	C	T
chr9	154228857	2	2	C	G
chr9	154228865	2	2	A	G
chr9	154228889	2	2	T	C
chr9	155248651	3	0	C	N
chr9	156995883	6	8	G	A
chr9	156995963	16	5	A	G
chr9	156995995	9	17	C	T
chr9	156996006	9	18	G	A
chr9	156996062	7	10	A	G
chr9	156996069	9	7	T	C
chr9	156996070	5	9	G	A
chr9	157288919	2	2	G	A
chr9	157288936	2	2	C	G
chr9	157288938	2	2	A	G
chr9	157739586	3	2	A	G
chr9	158055239	2	2	A	G
chr9	159039993	2	2	C	T
chr9	159043549	2	2	C	T
chr9	159043568	2	2	C	G
chr9	159043579	2	2	G	A
chr9	159548761	2	4	C	T
chr9	160230290	2	1	C	T
chr9	160529509	2	2	T	C
chr9	160567853	2	2	A	G
chr9	160576722	4	2	G	A
chr9	160668742	2	2	T	G
chr9	160867117	2	2	G	A
chr9	160895709	2	2	C	T
chr9	160895760	3	3	G	A
chr9	160895820	3	4	C	T
chr9	160896683	2	2	A	G
chr9	160896783	2	2	T	C
chr9	161040606	3	2	C	A
chr9	161040621	3	2	T	A
chr9	161040658	3	2	T	C
chr9	161134909	2	2	C	G
chr9	161335720	2	1	T	C
chr9	161529252	2	3	C	A
chr9	161529253	2	3	C	T
chr9	161529257	2	3	G	A
chr9	161657750	3	2	C	A
chr9	161689326	4	1	A	G
chr9	161689332	4	1	C	A
chr9	161757328	2	2	C	T
chr9	161760604	3	2	A	C
chr9	161760608	3	2	A	T
chr9	161760718	2	2	T	C
chr9	162996104	2	2	C	A
chr9	162998032	2	2	T	C
chr9	162998069	2	2	C	T
chr9	162998079	3	2	C	T
chr9	162998336	2	3	C	T
chr9	162998639	3	6	G	A
chr9	162998647	3	6	C	T
chr9	162998650	3	6	C	A
chr9	162998665	3	6	A	G
chr9	162998804	3	2	G	A
chr9	162998820	2	4	G	A
chr9	162998826	4	4	C	T
chr9	162998905	3	2	C	T
chr9	163000202	6	13	T	C
chr9	163000228	4	13	A	C
chr9	163000374	5	7	G	A
chr9	163000388	4	8	T	C
chr9	163000416	4	7	A	G
chr9	163000540	3	4	G	A
chr10	710300	7	2	C	T
chr10	710303	7	2	A	G
chr10	2001022	3	2	C	G
chr10	2437943	2	2	C	G
chr10	4273331	5	5	G	T
chr10	4273435	3	5	C	T
chr10	7636695	3	2	G	C
chr10	8075823	2	2	G	T
chr10	9899723	2	2	T	A
chr10	11318734	3	2	C	A
chr10	13460396	2	3	A	G
chr10	13460508	2	1	G	T
chr10	13602327	2	2	A	C
chr10	14935123	1	2	T	A
chr10	15341332	2	2	A	G
chr10	16427487	2	2	T	G
chr10	17062726	2	2	G	C
chr10	17635201	2	1	T	C
chr10	18866871	2	2	C	T
chr10	19269847	2	2	A	G
chr10	19741391	3	2	C	T
chr10	20168996	2	2	G	A
chr10	23220631	4	4	C	T
chr10	24486408	4	2	T	A
chr10	24486466	5	2	G	A
chr10	26964473	2	2	C	T
chr10	28506816	3	2	C	T
chr10	30426021	2	2	C	T
chr10	30991264	3	2	T	G
chr10	32437169	2	2	A	G
chr10	33024698	6	3	T	C
chr10	33116205	2	1	T	C
chr10	33230292	2	2	G	C
chr10	33230305	2	2	A	G
chr10	34705917	0	0	T	N
chr10	34705949	0	0	A	N
chr10	34706118	6	0	T	N
chr10	34706119	4	2	T	A
chr10	34706130	6	0	C	N
chr10	34706151	5	0	A	N
chr10	34706152	4	1	C	G
chr10	34706157	4	1	C	G
chr10	34706332	0	0	C	N
chr10	34706353	0	0	A	N
chr10	34706356	0	0	G	N
chr10	34706427	0	0	G	N
chr10	34706444	0	0	A	N
chr10	34706445	0	0	T	N
chr10	34706451	0	0	G	N
chr10	34706636	0	0	G	N
chr10	34706653	0	0	A	N
chr10	34706654	0	0	T	N
chr10	34766545	2	2	G	T
chr10	34794550	3	2	T	A
chr10	34851936	2	2	T	A
chr10	34851990	2	2	G	A
chr10	34851992	2	2	T	C
chr10	35272785	4	1	A	G
chr10	36003710	2	2	C	G
chr10	36082783	2	2	G	T
chr10	36984985	4	2	G	A
chr10	37331307	2	2	A	G
chr10	38419302	2	2	T	C
chr10	38575684	2	2	C	A
chr10	39241399	4	2	C	G
chr10	39241440	2	4	A	T
chr10	39241453	2	4	C	T
chr10	39241454	2	4	C	T
chr10	39861715	2	2	T	C
chr10	39902392	3	2	A	G
chr10	41263944	2	2	C	T
chr10	42408749	2	2	G	T
chr10	43956249	2	2	C	T
chr10	44194818	3	3	A	G
chr10	44194824	3	4	G	A
chr10	44194850	4	4	C	T
chr10	44194854	4	4	G	A
chr10	44400684	3	2	A	G
chr10	44400708	2	2	A	G
chr10	44755808	2	2	A	C
chr10	46428291	2	1	T	C
chr10	47445849	4	2	A	G
chr10	47823018	2	2	T	C
chr10	47823027	2	2	C	T
chr10	48356800	4	2	C	A
chr10	50133425	3	2	C	A
chr10	50319461	2	1	A	G
chr10	50890674	2	2	A	G
chr10	51432087	4	2	A	G
chr10	51530967	3	0	A	N
chr10	51530972	4	0	A	N
chr10	51617499	2	2	C	T
chr10	52191143	3	2	A	G
chr10	54265868	2	2	C	T
chr10	54644229	2	2	G	T
chr10	54961617	2	2	A	C
chr10	55048299	2	2	A	G
chr10	55935479	2	2	C	T
chr10	57054526	4	2	C	T
chr10	57113736	3	2	A	G
chr10	58228579	2	2	T	G
chr10	58228598	2	2	T	C
chr10	58928727	3	2	C	A
chr10	59442720	4	2	G	T
chr10	59442743	4	2	G	T
chr10	61348263	3	2	C	T
chr10	61348360	3	2	A	T
chr10	61702435	3	2	T	C
chr10	61859906	2	2	T	C
chr10	62845316	2	2	C	T
chr10	63620681	2	0	T	N
chr10	63620755	2	0	C	N
chr10	64218346	2	2	C	T
chr10	65238723	2	2	C	T
chr10	67306221	2	0	G	N
chr10	67732009	2	2	A	G
chr10	68942356	2	2	A	G
chr10	68943378	2	2	A	G
chr10	70778986	9	3	C	G
chr10	70779009	9	4	A	G
chr10	70779024	10	4	C	T
chr10	70779039	5	7	A	G
chr10	70779121	3	5	A	G
chr10	70779173	0	1	G	C
chr10	70779213	4	0	C	N
chr10	70779217	4	4	G	T
chr10	70779312	6	9	T	C
chr10	72360847	3	2	A	G
chr10	72548972	3	0	A	N
chr10	72548974	3	0	C	N
chr10	72915527	3	2	C	A
chr10	72915538	2	2	T	C
chr10	72915588	3	3	T	C
chr10	73085128	2	2	G	A
chr10	74078609	3	1	G	A
chr10	74841977	2	2	G	A
chr10	75362496	3	2	C	T
chr10	75931127	3	2	A	T
chr10	76477350	2	2	C	T
chr10	76619752	2	2	C	G
chr10	76685382	2	2	C	G
chr10	76685385	2	2	C	T
chr10	76685421	3	2	C	T
chr10	76685422	3	2	T	C
chr10	76685423	3	2	G	A
chr10	78167374	2	2	G	C
chr10	79322766	3	2	G	A
chr10	79464992	2	2	C	T
chr10	79587764	2	2	G	T
chr10	80242320	2	2	A	G
chr10	80487478	2	2	G	A
chr10	82331217	4	2	A	C
chr10	86070495	3	2	T	G
chr10	87111920	2	2	C	G
chr10	87957912	2	2	T	A
chr10	87957925	2	2	A	G
chr10	88429992	2	2	C	T
chr10	89615050	2	2	A	G
chr10	89769473	4	2	A	G
chr10	89769550	4	2	C	T
chr10	89802785	3	2	C	T
chr10	90120131	2	2	T	C
chr10	90311191	3	2	T	G
chr10	90311196	3	2	C	A
chr10	90617872	2	0	A	N
chr10	90876979	2	2	C	G
chr10	91797332	2	2	A	T
chr10	92019869	2	2	T	A
chr10	92040437	2	2	C	T
chr10	92328890	2	2	T	C
chr10	92533975	2	2	G	T
chr10	93003641	2	2	A	T
chr10	94131198	2	2	C	A
chr10	94602320	2	2	C	A
chr10	94874706	3	2	C	T
chr10	95460220	3	2	T	C
chr10	95599793	3	0	G	N
chr10	95599796	3	0	A	N
chr10	95779643	2	2	T	C
chr10	95788725	4	2	T	C
chr10	96965908	3	2	G	A
chr10	97462250	3	0	A	N
chr10	97784840	4	2	A	T
chr10	99830266	3	2	T	C
chr10	99961149	2	2	T	C
chr10	101596965	2	0	G	N
chr10	103104185	2	2	T	C
chr10	103876485	3	2	C	A
chr10	104407031	2	2	C	G
chr10	104785313	3	2	G	T
chr10	104899093	3	2	A	T
chr10	104901037	2	2	G	A
chr10	105673956	2	2	G	T
chr10	106151887	2	2	G	T
chr10	106717053	3	5	A	G
chr10	107430058	2	2	A	T
chr10	107729397	2	2	C	T
chr10	109449217	2	2	C	T
chr10	109475991	2	2	G	C
chr10	111140774	2	2	G	A
chr10	111140851	2	2	A	G
chr10	112123477	2	2	A	T
chr10	113633594	2	2	C	T
chr10	114303973	2	2	G	A
chr10	115287007	4	2	A	G
chr10	115342774	4	6	G	A
chr10	115342796	4	6	T	A
chr10	115342859	5	7	G	T
chr10	115342878	4	7	T	C
chr10	115342894	7	8	C	T
chr10	115342954	3	4	G	A
chr10	115343003	3	3	G	A
chr10	115991295	2	1	C	T
chr10	116445567	4	2	A	G
chr10	116445586	3	3	A	G
chr10	116445650	3	2	T	C
chr10	117112166	2	2	T	A
chr10	117112232	2	2	G	A
chr10	117427517	2	2	A	G
chr10	118568216	2	2	G	A
chr10	118902318	2	2	G	C
chr10	118999512	2	2	G	A
chr10	119833812	2	2	A	G
chr10	120301949	2	1	A	G
chr10	121334504	2	2	A	G
chr10	121467409	2	2	T	A
chr10	121754556	0	0	A	N
chr10	121782628	4	2	G	T
chr10	121896948	2	0	C	N
chr10	122836730	6	0	G	N
chr10	122836887	5	2	G	T
chr10	123326638	2	2	G	A
chr10	123520446	2	2	C	T
chr10	123720763	3	2	C	A
chr10	123893660	2	2	G	A
chr10	124416539	2	2	T	C
chr10	124416604	2	2	T	G
chr10	124784912	2	2	G	T
chr10	127770366	2	0	A	N
chr10	129878860	2	0	G	N
chr10	129913178	4	2	C	T
chr10	130104422	2	2	A	C
chr10	133466006	4	2	G	C
chr10	134131570	2	2	T	C
chr10	134131620	3	2	G	A
chr10	134131624	2	2	T	C
chr10	134785123	3	2	T	C
chr10	134785124	3	2	C	A
chr10	135129541	2	2	A	T
chr10	135239310	2	2	C	T
chr10	135629392	2	4	A	G
chr10	138344585	2	2	C	G
chr10	138851496	2	2	A	G
chr10	139242696	2	2	A	G
chr10	140534384	2	2	C	T
chr10	140534386	2	2	C	T
chr10	141403248	4	2	G	T
chr10	141679897	2	2	G	T
chr10	142452829	3	2	A	G
chr10	142819214	3	2	A	C
chr10	143725000	2	1	G	A
chr10	143826005	2	2	T	C
chr10	143826008	2	2	C	T
chr10	143826015	2	2	C	G
chr10	143943811	2	2	G	C
chr10	144464878	2	0	G	N
chr10	144464879	2	0	T	N
chr10	145196449	2	0	A	N
chr10	145196455	2	2	A	C
chr10	146934958	2	2	C	T
chr10	147443900	2	2	G	T
chr10	148780527	2	2	A	G
chr10	148780588	2	2	G	A
chr10	149858467	2	2	T	C
chr10	150034585	4	2	T	A
chr10	150051987	2	3	G	A
chr10	151029266	5	3	T	C
chr10	151029301	5	4	C	T
chr10	151029333	2	4	A	G
chr10	151100906	2	2	T	G
scaf_88	63812	2	2	G	C
scaf_88	63828	1	1	A	G
scaf_88	64175	19	0	G	N
scaf_88	64176	19	0	C	N
scaf_88	64178	18	2	G	A
scaf_88	64191	20	0	G	N
scaf_88	64300	13	2	A	G
scaf_88	64428	6	0	T	N
scaf_88	64647	4	4	G	A
scaf_148	91760	4	4	T	C
scaf_455	2184	3	4	G	A
scaf_652	245	6	0	A	N
scaf_652	254	6	1	T	A
scaf_652	3284	3	1	G	A
